CustomerID,PaymentDate,Subtotal,ShippingFee
1,1/15/2020,$313.99 ,$44.99 
1,2/15/2020,$313.99 ,$44.99 
2,1/15/2020,$432.99 ,$40.99 
2,2/15/2020,$432.99 ,$40.99 
2,3/15/2020,$432.99 ,$40.99 
2,4/15/2020,$432.99 ,$40.99 
2,5/15/2020,$432.99 ,$40.99 
2,6/15/2020,$432.99 ,$40.99 
2,7/15/2020,$432.99 ,$40.99 
2,8/15/2020,$432.99 ,$40.99 
2,9/15/2020,$432.99 ,$40.99 
2,10/15/2020,$432.99 ,$40.99 
2,11/15/2020,$432.99 ,$40.99 
2,12/15/2020,$432.99 ,$40.99 
3,1/15/2020,$92.99 ,$32.99 
3,2/15/2020,$92.99 ,$32.99 
3,3/15/2020,$92.99 ,$32.99 
3,4/15/2020,$92.99 ,$32.99 
3,5/15/2020,$92.99 ,$32.99 
3,6/15/2020,$92.99 ,$32.99 
3,7/15/2020,$92.99 ,$32.99 
3,8/15/2020,$92.99 ,$32.99 
3,9/15/2020,$92.99 ,$32.99 
3,10/15/2020,$92.99 ,$32.99 
3,11/15/2020,$92.99 ,$32.99 
3,12/15/2020,$92.99 ,$32.99 
4,1/15/2020,$177.99 ,$36.99 
4,2/15/2020,$177.99 ,$36.99 
4,3/15/2020,$177.99 ,$36.99 
4,4/15/2020,$177.99 ,$36.99 
4,5/15/2020,$177.99 ,$36.99 
4,6/15/2020,$177.99 ,$36.99 
4,7/15/2020,$177.99 ,$36.99 
4,8/15/2020,$177.99 ,$36.99 
4,9/15/2020,$177.99 ,$36.99 
4,10/15/2020,$177.99 ,$36.99 
4,11/15/2020,$177.99 ,$36.99 
4,12/15/2020,$177.99 ,$36.99 
5,1/15/2020,$252.99 ,$40.99 
5,2/15/2020,$252.99 ,$40.99 
5,3/15/2020,$252.99 ,$40.99 
5,4/15/2020,$252.99 ,$40.99 
5,5/15/2020,$252.99 ,$40.99 
5,6/15/2020,$252.99 ,$40.99 
5,7/15/2020,$252.99 ,$40.99 
5,8/15/2020,$252.99 ,$40.99 
5,9/15/2020,$252.99 ,$40.99 
5,10/15/2020,$252.99 ,$40.99 
5,11/15/2020,$252.99 ,$40.99 
5,12/15/2020,$252.99 ,$40.99 
6,1/15/2020,$252.99 ,$40.99 
6,2/15/2020,$252.99 ,$40.99 
6,3/15/2020,$252.99 ,$40.99 
6,4/15/2020,$252.99 ,$40.99 
6,5/15/2020,$252.99 ,$40.99 
6,6/15/2020,$252.99 ,$40.99 
6,7/15/2020,$252.99 ,$40.99 
6,8/15/2020,$252.99 ,$40.99 
6,9/15/2020,$252.99 ,$40.99 
6,10/15/2020,$252.99 ,$40.99 
6,11/15/2020,$252.99 ,$40.99 
6,12/15/2020,$252.99 ,$40.99 
7,1/15/2020,$252.99 ,$40.99 
7,2/15/2020,$252.99 ,$40.99 
7,3/15/2020,$252.99 ,$40.99 
7,4/15/2020,$252.99 ,$40.99 
7,5/15/2020,$252.99 ,$40.99 
7,6/15/2020,$252.99 ,$40.99 
7,7/15/2020,$252.99 ,$40.99 
7,8/15/2020,$252.99 ,$40.99 
7,9/15/2020,$252.99 ,$40.99 
7,10/15/2020,$252.99 ,$40.99 
7,11/15/2020,$252.99 ,$40.99 
7,12/15/2020,$252.99 ,$40.99 
8,1/15/2020,$172.99 ,$32.99 
8,2/15/2020,$172.99 ,$32.99 
8,3/15/2020,$172.99 ,$32.99 
8,4/15/2020,$172.99 ,$32.99 
8,5/15/2020,$172.99 ,$32.99 
8,6/15/2020,$172.99 ,$32.99 
8,7/15/2020,$172.99 ,$32.99 
8,8/15/2020,$172.99 ,$32.99 
8,9/15/2020,$172.99 ,$32.99 
8,10/15/2020,$172.99 ,$32.99 
8,11/15/2020,$172.99 ,$32.99 
8,12/15/2020,$172.99 ,$32.99 
9,1/15/2020,$353.99 ,$48.99 
9,2/15/2020,$353.99 ,$48.99 
9,3/15/2020,$353.99 ,$48.99 
9,4/15/2020,$353.99 ,$48.99 
9,5/15/2020,$353.99 ,$48.99 
9,6/15/2020,$353.99 ,$48.99 
9,7/15/2020,$353.99 ,$48.99 
9,8/15/2020,$353.99 ,$48.99 
9,9/15/2020,$353.99 ,$48.99 
9,10/15/2020,$353.99 ,$48.99 
9,11/15/2020,$353.99 ,$48.99 
9,12/15/2020,$353.99 ,$48.99 
10,1/15/2020,$313.99 ,$44.99 
10,2/15/2020,$313.99 ,$44.99 
10,3/15/2020,$313.99 ,$44.99 
10,4/15/2020,$313.99 ,$44.99 
10,5/15/2020,$313.99 ,$44.99 
10,6/15/2020,$313.99 ,$44.99 
10,7/15/2020,$313.99 ,$44.99 
10,8/15/2020,$313.99 ,$44.99 
10,9/15/2020,$313.99 ,$44.99 
10,10/15/2020,$313.99 ,$44.99 
10,11/15/2020,$313.99 ,$44.99 
10,12/15/2020,$313.99 ,$44.99 
11,1/15/2020,$177.99 ,$36.99 
11,2/15/2020,$177.99 ,$36.99 
11,3/15/2020,$177.99 ,$36.99 
11,4/15/2020,$177.99 ,$36.99 
11,5/15/2020,$177.99 ,$36.99 
11,6/15/2020,$177.99 ,$36.99 
11,7/15/2020,$177.99 ,$36.99 
11,8/15/2020,$177.99 ,$36.99 
11,9/15/2020,$177.99 ,$36.99 
12,1/15/2020,$252.99 ,$40.99 
12,2/15/2020,$252.99 ,$40.99 
12,3/15/2020,$252.99 ,$40.99 
12,4/15/2020,$252.99 ,$40.99 
12,5/15/2020,$252.99 ,$40.99 
12,6/15/2020,$252.99 ,$40.99 
12,7/15/2020,$252.99 ,$40.99 
12,8/15/2020,$252.99 ,$40.99 
12,9/15/2020,$252.99 ,$40.99 
12,10/15/2020,$252.99 ,$40.99 
12,11/15/2020,$252.99 ,$40.99 
12,12/15/2020,$252.99 ,$40.99 
13,1/15/2020,$177.99 ,$36.99 
13,2/15/2020,$177.99 ,$36.99 
13,3/15/2020,$177.99 ,$36.99 
13,4/15/2020,$177.99 ,$36.99 
13,5/15/2020,$177.99 ,$36.99 
13,6/15/2020,$177.99 ,$36.99 
13,7/15/2020,$177.99 ,$36.99 
13,8/15/2020,$177.99 ,$36.99 
13,9/15/2020,$177.99 ,$36.99 
13,10/15/2020,$177.99 ,$36.99 
13,11/15/2020,$177.99 ,$36.99 
13,12/15/2020,$177.99 ,$36.99 
14,1/15/2020,$301.99 ,$36.99 
14,2/15/2020,$301.99 ,$36.99 
14,3/15/2020,$301.99 ,$36.99 
14,4/15/2020,$301.99 ,$36.99 
14,5/15/2020,$301.99 ,$36.99 
14,6/15/2020,$301.99 ,$36.99 
14,7/15/2020,$301.99 ,$36.99 
14,8/15/2020,$301.99 ,$36.99 
14,9/15/2020,$301.99 ,$36.99 
14,10/15/2020,$301.99 ,$36.99 
14,11/15/2020,$301.99 ,$36.99 
14,12/15/2020,$301.99 ,$36.99 
15,1/15/2020,$252.99 ,$40.99 
15,2/15/2020,$252.99 ,$40.99 
15,3/15/2020,$252.99 ,$40.99 
15,4/15/2020,$252.99 ,$40.99 
15,5/15/2020,$252.99 ,$40.99 
15,6/15/2020,$252.99 ,$40.99 
15,7/15/2020,$252.99 ,$40.99 
15,8/15/2020,$252.99 ,$40.99 
15,9/15/2020,$252.99 ,$40.99 
15,10/15/2020,$252.99 ,$40.99 
15,11/15/2020,$252.99 ,$40.99 
15,12/15/2020,$252.99 ,$40.99 
16,1/15/2020,$252.99 ,$40.99 
16,2/15/2020,$252.99 ,$40.99 
16,3/15/2020,$252.99 ,$40.99 
16,4/15/2020,$252.99 ,$40.99 
16,5/15/2020,$252.99 ,$40.99 
16,6/15/2020,$252.99 ,$40.99 
16,7/15/2020,$252.99 ,$40.99 
16,8/15/2020,$252.99 ,$40.99 
16,9/15/2020,$252.99 ,$40.99 
16,10/15/2020,$252.99 ,$40.99 
16,11/15/2020,$252.99 ,$40.99 
16,12/15/2020,$252.99 ,$40.99 
17,1/15/2020,$172.99 ,$32.99 
17,2/15/2020,$172.99 ,$32.99 
17,3/15/2020,$172.99 ,$32.99 
17,4/15/2020,$172.99 ,$32.99 
17,5/15/2020,$172.99 ,$32.99 
17,6/15/2020,$172.99 ,$32.99 
17,7/15/2020,$172.99 ,$32.99 
17,8/15/2020,$172.99 ,$32.99 
17,9/15/2020,$172.99 ,$32.99 
17,10/15/2020,$172.99 ,$32.99 
17,11/15/2020,$172.99 ,$32.99 
17,12/15/2020,$172.99 ,$32.99 
18,1/15/2020,$301.99 ,$36.99 
18,2/15/2020,$301.99 ,$36.99 
18,3/15/2020,$301.99 ,$36.99 
18,4/15/2020,$301.99 ,$36.99 
18,5/15/2020,$301.99 ,$36.99 
18,6/15/2020,$301.99 ,$36.99 
18,7/15/2020,$301.99 ,$36.99 
18,8/15/2020,$301.99 ,$36.99 
18,9/15/2020,$301.99 ,$36.99 
18,10/15/2020,$301.99 ,$36.99 
18,11/15/2020,$301.99 ,$36.99 
18,12/15/2020,$301.99 ,$36.99 
19,1/15/2020,$177.99 ,$36.99 
19,2/15/2020,$177.99 ,$36.99 
19,3/15/2020,$177.99 ,$36.99 
19,4/15/2020,$177.99 ,$36.99 
19,5/15/2020,$177.99 ,$36.99 
19,6/15/2020,$177.99 ,$36.99 
19,7/15/2020,$177.99 ,$36.99 
19,8/15/2020,$177.99 ,$36.99 
19,9/15/2020,$177.99 ,$36.99 
19,10/15/2020,$177.99 ,$36.99 
19,11/15/2020,$177.99 ,$36.99 
19,12/15/2020,$177.99 ,$36.99 
20,2/15/2020,$313.99 ,$44.99 
20,3/15/2020,$313.99 ,$44.99 
20,4/15/2020,$313.99 ,$44.99 
20,5/15/2020,$313.99 ,$44.99 
20,6/15/2020,$313.99 ,$44.99 
20,7/15/2020,$313.99 ,$44.99 
20,8/15/2020,$313.99 ,$44.99 
20,9/15/2020,$313.99 ,$44.99 
20,10/15/2020,$313.99 ,$44.99 
20,11/15/2020,$313.99 ,$44.99 
20,12/15/2020,$313.99 ,$44.99 
21,2/15/2020,$172.99 ,$32.99 
21,3/15/2020,$172.99 ,$32.99 
21,4/15/2020,$172.99 ,$32.99 
21,5/15/2020,$172.99 ,$32.99 
21,6/15/2020,$172.99 ,$32.99 
21,7/15/2020,$172.99 ,$32.99 
21,8/15/2020,$172.99 ,$32.99 
21,9/15/2020,$172.99 ,$32.99 
21,10/15/2020,$172.99 ,$32.99 
21,11/15/2020,$172.99 ,$32.99 
21,12/15/2020,$172.99 ,$32.99 
22,2/15/2020,$432.99 ,$40.99 
22,3/15/2020,$432.99 ,$40.99 
22,4/15/2020,$432.99 ,$40.99 
22,5/15/2020,$432.99 ,$40.99 
22,6/15/2020,$432.99 ,$40.99 
22,7/15/2020,$432.99 ,$40.99 
22,8/15/2020,$432.99 ,$40.99 
22,9/15/2020,$432.99 ,$40.99 
22,10/15/2020,$432.99 ,$40.99 
22,11/15/2020,$432.99 ,$40.99 
22,12/15/2020,$432.99 ,$40.99 
23,2/15/2020,$313.99 ,$44.99 
23,3/15/2020,$313.99 ,$44.99 
23,4/15/2020,$313.99 ,$44.99 
23,5/15/2020,$313.99 ,$44.99 
23,6/15/2020,$313.99 ,$44.99 
23,7/15/2020,$313.99 ,$44.99 
23,8/15/2020,$313.99 ,$44.99 
23,9/15/2020,$313.99 ,$44.99 
23,10/15/2020,$313.99 ,$44.99 
23,11/15/2020,$313.99 ,$44.99 
23,12/15/2020,$313.99 ,$44.99 
24,2/15/2020,$252.99 ,$40.99 
24,3/15/2020,$252.99 ,$40.99 
24,4/15/2020,$252.99 ,$40.99 
24,5/15/2020,$252.99 ,$40.99 
24,6/15/2020,$252.99 ,$40.99 
24,7/15/2020,$252.99 ,$40.99 
24,8/15/2020,$252.99 ,$40.99 
24,9/15/2020,$252.99 ,$40.99 
24,10/15/2020,$252.99 ,$40.99 
24,11/15/2020,$252.99 ,$40.99 
24,12/15/2020,$252.99 ,$40.99 
25,2/15/2020,$92.99 ,$32.99 
25,3/15/2020,$92.99 ,$32.99 
25,4/15/2020,$92.99 ,$32.99 
25,5/15/2020,$92.99 ,$32.99 
25,6/15/2020,$92.99 ,$32.99 
25,7/15/2020,$92.99 ,$32.99 
25,8/15/2020,$92.99 ,$32.99 
25,9/15/2020,$92.99 ,$32.99 
25,10/15/2020,$92.99 ,$32.99 
25,11/15/2020,$92.99 ,$32.99 
25,12/15/2020,$92.99 ,$32.99 
26,2/15/2020,$301.99 ,$36.99 
26,3/15/2020,$301.99 ,$36.99 
26,4/15/2020,$301.99 ,$36.99 
26,5/15/2020,$301.99 ,$36.99 
26,6/15/2020,$301.99 ,$36.99 
26,7/15/2020,$301.99 ,$36.99 
26,8/15/2020,$301.99 ,$36.99 
26,9/15/2020,$301.99 ,$36.99 
26,10/15/2020,$301.99 ,$36.99 
26,11/15/2020,$301.99 ,$36.99 
26,12/15/2020,$301.99 ,$36.99 
27,2/15/2020,$313.99 ,$44.99 
27,3/15/2020,$313.99 ,$44.99 
27,4/15/2020,$313.99 ,$44.99 
27,5/15/2020,$313.99 ,$44.99 
27,6/15/2020,$313.99 ,$44.99 
27,7/15/2020,$313.99 ,$44.99 
27,8/15/2020,$313.99 ,$44.99 
27,9/15/2020,$313.99 ,$44.99 
27,10/15/2020,$313.99 ,$44.99 
27,11/15/2020,$313.99 ,$44.99 
27,12/15/2020,$313.99 ,$44.99 
28,2/15/2020,$177.99 ,$36.99 
28,3/15/2020,$177.99 ,$36.99 
28,4/15/2020,$177.99 ,$36.99 
28,5/15/2020,$177.99 ,$36.99 
28,6/15/2020,$177.99 ,$36.99 
28,7/15/2020,$177.99 ,$36.99 
28,8/15/2020,$177.99 ,$36.99 
28,9/15/2020,$177.99 ,$36.99 
28,10/15/2020,$177.99 ,$36.99 
28,11/15/2020,$177.99 ,$36.99 
28,12/15/2020,$177.99 ,$36.99 
29,2/15/2020,$313.99 ,$44.99 
29,3/15/2020,$313.99 ,$44.99 
29,4/15/2020,$313.99 ,$44.99 
29,5/15/2020,$313.99 ,$44.99 
29,6/15/2020,$313.99 ,$44.99 
29,7/15/2020,$313.99 ,$44.99 
29,8/15/2020,$313.99 ,$44.99 
29,9/15/2020,$313.99 ,$44.99 
29,10/15/2020,$313.99 ,$44.99 
29,11/15/2020,$313.99 ,$44.99 
29,12/15/2020,$313.99 ,$44.99 
30,2/15/2020,$301.99 ,$36.99 
30,3/15/2020,$301.99 ,$36.99 
30,4/15/2020,$301.99 ,$36.99 
30,5/15/2020,$301.99 ,$36.99 
30,6/15/2020,$301.99 ,$36.99 
30,7/15/2020,$301.99 ,$36.99 
30,8/15/2020,$301.99 ,$36.99 
30,9/15/2020,$301.99 ,$36.99 
30,10/15/2020,$301.99 ,$36.99 
30,11/15/2020,$301.99 ,$36.99 
30,12/15/2020,$301.99 ,$36.99 
31,2/15/2020,$432.99 ,$40.99 
31,3/15/2020,$432.99 ,$40.99 
31,4/15/2020,$432.99 ,$40.99 
31,5/15/2020,$432.99 ,$40.99 
31,6/15/2020,$432.99 ,$40.99 
31,7/15/2020,$432.99 ,$40.99 
31,8/15/2020,$432.99 ,$40.99 
31,9/15/2020,$432.99 ,$40.99 
31,10/15/2020,$432.99 ,$40.99 
31,11/15/2020,$432.99 ,$40.99 
31,12/15/2020,$432.99 ,$40.99 
32,2/15/2020,$432.99 ,$40.99 
32,3/15/2020,$432.99 ,$40.99 
32,4/15/2020,$432.99 ,$40.99 
32,5/15/2020,$432.99 ,$40.99 
32,6/15/2020,$432.99 ,$40.99 
32,7/15/2020,$432.99 ,$40.99 
32,8/15/2020,$432.99 ,$40.99 
32,9/15/2020,$432.99 ,$40.99 
32,10/15/2020,$432.99 ,$40.99 
32,11/15/2020,$432.99 ,$40.99 
32,12/15/2020,$432.99 ,$40.99 
33,2/15/2020,$172.99 ,$32.99 
33,3/15/2020,$172.99 ,$32.99 
33,4/15/2020,$172.99 ,$32.99 
33,5/15/2020,$172.99 ,$32.99 
33,6/15/2020,$172.99 ,$32.99 
33,7/15/2020,$172.99 ,$32.99 
33,8/15/2020,$172.99 ,$32.99 
33,9/15/2020,$172.99 ,$32.99 
33,10/15/2020,$172.99 ,$32.99 
33,11/15/2020,$172.99 ,$32.99 
33,12/15/2020,$172.99 ,$32.99 
34,2/15/2020,$172.99 ,$32.99 
34,3/15/2020,$172.99 ,$32.99 
34,4/15/2020,$172.99 ,$32.99 
34,5/15/2020,$172.99 ,$32.99 
34,6/15/2020,$172.99 ,$32.99 
34,7/15/2020,$172.99 ,$32.99 
34,8/15/2020,$172.99 ,$32.99 
34,9/15/2020,$172.99 ,$32.99 
34,10/15/2020,$172.99 ,$32.99 
34,11/15/2020,$172.99 ,$32.99 
34,12/15/2020,$172.99 ,$32.99 
35,2/15/2020,$537.99 ,$44.99 
35,3/15/2020,$537.99 ,$44.99 
35,4/15/2020,$537.99 ,$44.99 
35,5/15/2020,$537.99 ,$44.99 
35,6/15/2020,$537.99 ,$44.99 
35,7/15/2020,$537.99 ,$44.99 
35,8/15/2020,$537.99 ,$44.99 
35,9/15/2020,$537.99 ,$44.99 
35,10/15/2020,$537.99 ,$44.99 
35,11/15/2020,$537.99 ,$44.99 
35,12/15/2020,$537.99 ,$44.99 
36,2/15/2020,$301.99 ,$36.99 
36,3/15/2020,$301.99 ,$36.99 
36,4/15/2020,$301.99 ,$36.99 
36,5/15/2020,$301.99 ,$36.99 
36,6/15/2020,$301.99 ,$36.99 
36,7/15/2020,$301.99 ,$36.99 
36,8/15/2020,$301.99 ,$36.99 
36,9/15/2020,$301.99 ,$36.99 
36,10/15/2020,$301.99 ,$36.99 
36,11/15/2020,$301.99 ,$36.99 
36,12/15/2020,$301.99 ,$36.99 
37,2/15/2020,$301.99 ,$36.99 
37,3/15/2020,$301.99 ,$36.99 
37,4/15/2020,$301.99 ,$36.99 
37,5/15/2020,$301.99 ,$36.99 
37,6/15/2020,$301.99 ,$36.99 
37,7/15/2020,$301.99 ,$36.99 
37,8/15/2020,$301.99 ,$36.99 
37,9/15/2020,$301.99 ,$36.99 
37,10/15/2020,$301.99 ,$36.99 
37,11/15/2020,$301.99 ,$36.99 
37,12/15/2020,$301.99 ,$36.99 
38,2/15/2020,$301.99 ,$36.99 
39,2/15/2020,$432.99 ,$40.99 
39,3/15/2020,$432.99 ,$40.99 
39,4/15/2020,$432.99 ,$40.99 
39,5/15/2020,$432.99 ,$40.99 
39,6/15/2020,$432.99 ,$40.99 
39,7/15/2020,$432.99 ,$40.99 
39,8/15/2020,$432.99 ,$40.99 
39,9/15/2020,$432.99 ,$40.99 
39,10/15/2020,$432.99 ,$40.99 
39,11/15/2020,$432.99 ,$40.99 
39,12/15/2020,$432.99 ,$40.99 
40,2/15/2020,$252.99 ,$40.99 
40,3/15/2020,$252.99 ,$40.99 
40,4/15/2020,$252.99 ,$40.99 
40,5/15/2020,$252.99 ,$40.99 
40,6/15/2020,$252.99 ,$40.99 
40,7/15/2020,$252.99 ,$40.99 
40,8/15/2020,$252.99 ,$40.99 
40,9/15/2020,$252.99 ,$40.99 
40,10/15/2020,$252.99 ,$40.99 
40,11/15/2020,$252.99 ,$40.99 
40,12/15/2020,$252.99 ,$40.99 
41,2/15/2020,$92.99 ,$32.99 
41,3/15/2020,$92.99 ,$32.99 
41,4/15/2020,$92.99 ,$32.99 
41,5/15/2020,$92.99 ,$32.99 
41,6/15/2020,$92.99 ,$32.99 
41,7/15/2020,$92.99 ,$32.99 
41,8/15/2020,$92.99 ,$32.99 
41,9/15/2020,$92.99 ,$32.99 
41,10/15/2020,$92.99 ,$32.99 
41,11/15/2020,$92.99 ,$32.99 
41,12/15/2020,$92.99 ,$32.99 
42,2/15/2020,$177.99 ,$36.99 
42,3/15/2020,$177.99 ,$36.99 
42,4/15/2020,$177.99 ,$36.99 
42,5/15/2020,$177.99 ,$36.99 
42,6/15/2020,$177.99 ,$36.99 
42,7/15/2020,$177.99 ,$36.99 
42,8/15/2020,$177.99 ,$36.99 
42,9/15/2020,$177.99 ,$36.99 
42,10/15/2020,$177.99 ,$36.99 
42,11/15/2020,$177.99 ,$36.99 
42,12/15/2020,$177.99 ,$36.99 
43,2/15/2020,$177.99 ,$36.99 
43,3/15/2020,$177.99 ,$36.99 
43,4/15/2020,$177.99 ,$36.99 
43,5/15/2020,$177.99 ,$36.99 
43,6/15/2020,$177.99 ,$36.99 
43,7/15/2020,$177.99 ,$36.99 
43,8/15/2020,$177.99 ,$36.99 
43,9/15/2020,$177.99 ,$36.99 
43,10/15/2020,$177.99 ,$36.99 
43,11/15/2020,$177.99 ,$36.99 
43,12/15/2020,$177.99 ,$36.99 
44,2/15/2020,$177.99 ,$36.99 
44,3/15/2020,$177.99 ,$36.99 
44,4/15/2020,$177.99 ,$36.99 
44,5/15/2020,$177.99 ,$36.99 
44,6/15/2020,$177.99 ,$36.99 
44,7/15/2020,$177.99 ,$36.99 
44,8/15/2020,$177.99 ,$36.99 
44,9/15/2020,$177.99 ,$36.99 
44,10/15/2020,$177.99 ,$36.99 
44,11/15/2020,$177.99 ,$36.99 
44,12/15/2020,$177.99 ,$36.99 
45,2/15/2020,$92.99 ,$32.99 
45,3/15/2020,$92.99 ,$32.99 
45,4/15/2020,$92.99 ,$32.99 
45,5/15/2020,$92.99 ,$32.99 
45,6/15/2020,$92.99 ,$32.99 
45,7/15/2020,$92.99 ,$32.99 
45,8/15/2020,$92.99 ,$32.99 
45,9/15/2020,$92.99 ,$32.99 
45,10/15/2020,$92.99 ,$32.99 
45,11/15/2020,$92.99 ,$32.99 
45,12/15/2020,$92.99 ,$32.99 
46,2/15/2020,$353.99 ,$48.99 
46,3/15/2020,$353.99 ,$48.99 
46,4/15/2020,$353.99 ,$48.99 
46,5/15/2020,$353.99 ,$48.99 
46,6/15/2020,$353.99 ,$48.99 
46,7/15/2020,$353.99 ,$48.99 
46,8/15/2020,$353.99 ,$48.99 
46,9/15/2020,$353.99 ,$48.99 
46,10/15/2020,$353.99 ,$48.99 
46,11/15/2020,$353.99 ,$48.99 
46,12/15/2020,$353.99 ,$48.99 
47,2/15/2020,$432.99 ,$40.99 
47,3/15/2020,$432.99 ,$40.99 
47,4/15/2020,$432.99 ,$40.99 
47,5/15/2020,$432.99 ,$40.99 
47,6/15/2020,$432.99 ,$40.99 
47,7/15/2020,$432.99 ,$40.99 
47,8/15/2020,$432.99 ,$40.99 
47,9/15/2020,$432.99 ,$40.99 
47,10/15/2020,$432.99 ,$40.99 
47,11/15/2020,$432.99 ,$40.99 
47,12/15/2020,$432.99 ,$40.99 
48,2/15/2020,$92.99 ,$32.99 
48,3/15/2020,$92.99 ,$32.99 
48,4/15/2020,$92.99 ,$32.99 
48,5/15/2020,$92.99 ,$32.99 
48,6/15/2020,$92.99 ,$32.99 
48,7/15/2020,$92.99 ,$32.99 
48,8/15/2020,$92.99 ,$32.99 
48,9/15/2020,$92.99 ,$32.99 
48,10/15/2020,$92.99 ,$32.99 
48,11/15/2020,$92.99 ,$32.99 
48,12/15/2020,$92.99 ,$32.99 
49,2/15/2020,$172.99 ,$32.99 
49,3/15/2020,$172.99 ,$32.99 
49,4/15/2020,$172.99 ,$32.99 
49,5/15/2020,$172.99 ,$32.99 
49,6/15/2020,$172.99 ,$32.99 
49,7/15/2020,$172.99 ,$32.99 
49,8/15/2020,$172.99 ,$32.99 
49,9/15/2020,$172.99 ,$32.99 
49,10/15/2020,$172.99 ,$32.99 
49,11/15/2020,$172.99 ,$32.99 
49,12/15/2020,$172.99 ,$32.99 
50,3/15/2020,$432.99 ,$40.99 
50,4/15/2020,$432.99 ,$40.99 
50,5/15/2020,$432.99 ,$40.99 
50,6/15/2020,$432.99 ,$40.99 
50,7/15/2020,$432.99 ,$40.99 
50,8/15/2020,$432.99 ,$40.99 
50,9/15/2020,$432.99 ,$40.99 
50,10/15/2020,$432.99 ,$40.99 
50,11/15/2020,$432.99 ,$40.99 
50,12/15/2020,$432.99 ,$40.99 
51,3/15/2020,$177.99 ,$36.99 
51,4/15/2020,$177.99 ,$36.99 
51,5/15/2020,$177.99 ,$36.99 
51,6/15/2020,$177.99 ,$36.99 
51,7/15/2020,$177.99 ,$36.99 
51,8/15/2020,$177.99 ,$36.99 
51,9/15/2020,$177.99 ,$36.99 
51,10/15/2020,$177.99 ,$36.99 
51,11/15/2020,$177.99 ,$36.99 
51,12/15/2020,$177.99 ,$36.99 
52,3/15/2020,$301.99 ,$36.99 
52,4/15/2020,$301.99 ,$36.99 
52,5/15/2020,$301.99 ,$36.99 
52,6/15/2020,$301.99 ,$36.99 
52,7/15/2020,$301.99 ,$36.99 
52,8/15/2020,$301.99 ,$36.99 
52,9/15/2020,$301.99 ,$36.99 
52,10/15/2020,$301.99 ,$36.99 
52,11/15/2020,$301.99 ,$36.99 
52,12/15/2020,$301.99 ,$36.99 
53,3/15/2020,$301.99 ,$36.99 
53,4/15/2020,$301.99 ,$36.99 
53,5/15/2020,$301.99 ,$36.99 
53,6/15/2020,$301.99 ,$36.99 
53,7/15/2020,$301.99 ,$36.99 
54,3/15/2020,$177.99 ,$36.99 
54,4/15/2020,$177.99 ,$36.99 
54,5/15/2020,$177.99 ,$36.99 
55,3/15/2020,$252.99 ,$40.99 
55,4/15/2020,$252.99 ,$40.99 
55,5/15/2020,$252.99 ,$40.99 
55,6/15/2020,$252.99 ,$40.99 
55,7/15/2020,$252.99 ,$40.99 
55,8/15/2020,$252.99 ,$40.99 
55,9/15/2020,$252.99 ,$40.99 
55,10/15/2020,$252.99 ,$40.99 
55,11/15/2020,$252.99 ,$40.99 
55,12/15/2020,$252.99 ,$40.99 
56,3/15/2020,$353.99 ,$48.99 
56,4/15/2020,$353.99 ,$48.99 
56,5/15/2020,$353.99 ,$48.99 
56,6/15/2020,$353.99 ,$48.99 
56,7/15/2020,$353.99 ,$48.99 
56,8/15/2020,$353.99 ,$48.99 
56,9/15/2020,$353.99 ,$48.99 
56,10/15/2020,$353.99 ,$48.99 
56,11/15/2020,$353.99 ,$48.99 
56,12/15/2020,$353.99 ,$48.99 
57,3/15/2020,$92.99 ,$32.99 
57,4/15/2020,$92.99 ,$32.99 
57,5/15/2020,$92.99 ,$32.99 
57,6/15/2020,$92.99 ,$32.99 
57,7/15/2020,$92.99 ,$32.99 
57,8/15/2020,$92.99 ,$32.99 
57,9/15/2020,$92.99 ,$32.99 
57,10/15/2020,$92.99 ,$32.99 
57,11/15/2020,$92.99 ,$32.99 
57,12/15/2020,$92.99 ,$32.99 
58,3/15/2020,$172.99 ,$32.99 
58,4/15/2020,$172.99 ,$32.99 
58,5/15/2020,$172.99 ,$32.99 
58,6/15/2020,$172.99 ,$32.99 
58,7/15/2020,$172.99 ,$32.99 
58,8/15/2020,$172.99 ,$32.99 
58,9/15/2020,$172.99 ,$32.99 
58,10/15/2020,$172.99 ,$32.99 
58,11/15/2020,$172.99 ,$32.99 
58,12/15/2020,$172.99 ,$32.99 
59,3/15/2020,$353.99 ,$48.99 
59,4/15/2020,$353.99 ,$48.99 
59,5/15/2020,$353.99 ,$48.99 
59,6/15/2020,$353.99 ,$48.99 
59,7/15/2020,$353.99 ,$48.99 
59,8/15/2020,$353.99 ,$48.99 
59,9/15/2020,$353.99 ,$48.99 
59,10/15/2020,$353.99 ,$48.99 
59,11/15/2020,$353.99 ,$48.99 
59,12/15/2020,$353.99 ,$48.99 
60,3/15/2020,$432.99 ,$40.99 
60,4/15/2020,$432.99 ,$40.99 
60,5/15/2020,$432.99 ,$40.99 
60,6/15/2020,$432.99 ,$40.99 
60,7/15/2020,$432.99 ,$40.99 
60,8/15/2020,$432.99 ,$40.99 
60,9/15/2020,$432.99 ,$40.99 
60,10/15/2020,$432.99 ,$40.99 
60,11/15/2020,$432.99 ,$40.99 
60,12/15/2020,$432.99 ,$40.99 
61,3/15/2020,$172.99 ,$32.99 
61,4/15/2020,$172.99 ,$32.99 
61,5/15/2020,$172.99 ,$32.99 
61,6/15/2020,$172.99 ,$32.99 
61,7/15/2020,$172.99 ,$32.99 
61,8/15/2020,$172.99 ,$32.99 
61,9/15/2020,$172.99 ,$32.99 
61,10/15/2020,$172.99 ,$32.99 
61,11/15/2020,$172.99 ,$32.99 
61,12/15/2020,$172.99 ,$32.99 
62,3/15/2020,$301.99 ,$36.99 
62,4/15/2020,$301.99 ,$36.99 
62,5/15/2020,$301.99 ,$36.99 
62,6/15/2020,$301.99 ,$36.99 
62,7/15/2020,$301.99 ,$36.99 
62,8/15/2020,$301.99 ,$36.99 
62,9/15/2020,$301.99 ,$36.99 
62,10/15/2020,$301.99 ,$36.99 
62,11/15/2020,$301.99 ,$36.99 
62,12/15/2020,$301.99 ,$36.99 
63,3/15/2020,$252.99 ,$40.99 
63,4/15/2020,$252.99 ,$40.99 
63,5/15/2020,$252.99 ,$40.99 
63,6/15/2020,$252.99 ,$40.99 
63,7/15/2020,$252.99 ,$40.99 
63,8/15/2020,$252.99 ,$40.99 
63,9/15/2020,$252.99 ,$40.99 
63,10/15/2020,$252.99 ,$40.99 
63,11/15/2020,$252.99 ,$40.99 
63,12/15/2020,$252.99 ,$40.99 
64,3/15/2020,$252.99 ,$40.99 
64,4/15/2020,$252.99 ,$40.99 
64,5/15/2020,$252.99 ,$40.99 
64,6/15/2020,$252.99 ,$40.99 
64,7/15/2020,$252.99 ,$40.99 
64,8/15/2020,$252.99 ,$40.99 
64,9/15/2020,$252.99 ,$40.99 
64,10/15/2020,$252.99 ,$40.99 
64,11/15/2020,$252.99 ,$40.99 
64,12/15/2020,$252.99 ,$40.99 
65,3/15/2020,$172.99 ,$32.99 
65,4/15/2020,$172.99 ,$32.99 
65,5/15/2020,$172.99 ,$32.99 
65,6/15/2020,$172.99 ,$32.99 
65,7/15/2020,$172.99 ,$32.99 
65,8/15/2020,$172.99 ,$32.99 
65,9/15/2020,$172.99 ,$32.99 
65,10/15/2020,$172.99 ,$32.99 
65,11/15/2020,$172.99 ,$32.99 
65,12/15/2020,$172.99 ,$32.99 
66,3/15/2020,$537.99 ,$44.99 
66,4/15/2020,$537.99 ,$44.99 
66,5/15/2020,$537.99 ,$44.99 
66,6/15/2020,$537.99 ,$44.99 
66,7/15/2020,$537.99 ,$44.99 
66,8/15/2020,$537.99 ,$44.99 
66,9/15/2020,$537.99 ,$44.99 
66,10/15/2020,$537.99 ,$44.99 
66,11/15/2020,$537.99 ,$44.99 
66,12/15/2020,$537.99 ,$44.99 
67,3/15/2020,$432.99 ,$40.99 
67,4/15/2020,$432.99 ,$40.99 
67,5/15/2020,$432.99 ,$40.99 
67,6/15/2020,$432.99 ,$40.99 
67,7/15/2020,$432.99 ,$40.99 
67,8/15/2020,$432.99 ,$40.99 
67,9/15/2020,$432.99 ,$40.99 
67,10/15/2020,$432.99 ,$40.99 
67,11/15/2020,$432.99 ,$40.99 
67,12/15/2020,$432.99 ,$40.99 
68,3/15/2020,$432.99 ,$40.99 
68,4/15/2020,$432.99 ,$40.99 
68,5/15/2020,$432.99 ,$40.99 
68,6/15/2020,$432.99 ,$40.99 
68,7/15/2020,$432.99 ,$40.99 
68,8/15/2020,$432.99 ,$40.99 
68,9/15/2020,$432.99 ,$40.99 
68,10/15/2020,$432.99 ,$40.99 
68,11/15/2020,$432.99 ,$40.99 
68,12/15/2020,$432.99 ,$40.99 
69,3/15/2020,$301.99 ,$36.99 
69,4/15/2020,$301.99 ,$36.99 
69,5/15/2020,$301.99 ,$36.99 
69,6/15/2020,$301.99 ,$36.99 
69,7/15/2020,$301.99 ,$36.99 
69,8/15/2020,$301.99 ,$36.99 
69,9/15/2020,$301.99 ,$36.99 
69,10/15/2020,$301.99 ,$36.99 
69,11/15/2020,$301.99 ,$36.99 
69,12/15/2020,$301.99 ,$36.99 
70,3/15/2020,$177.99 ,$36.99 
70,4/15/2020,$177.99 ,$36.99 
70,5/15/2020,$177.99 ,$36.99 
70,6/15/2020,$177.99 ,$36.99 
70,7/15/2020,$177.99 ,$36.99 
70,8/15/2020,$177.99 ,$36.99 
70,9/15/2020,$177.99 ,$36.99 
70,10/15/2020,$177.99 ,$36.99 
70,11/15/2020,$177.99 ,$36.99 
70,12/15/2020,$177.99 ,$36.99 
71,3/15/2020,$301.99 ,$36.99 
71,4/15/2020,$301.99 ,$36.99 
72,3/15/2020,$252.99 ,$40.99 
72,4/15/2020,$252.99 ,$40.99 
72,5/15/2020,$252.99 ,$40.99 
72,6/15/2020,$252.99 ,$40.99 
72,7/15/2020,$252.99 ,$40.99 
72,8/15/2020,$252.99 ,$40.99 
72,9/15/2020,$252.99 ,$40.99 
72,10/15/2020,$252.99 ,$40.99 
72,11/15/2020,$252.99 ,$40.99 
72,12/15/2020,$252.99 ,$40.99 
73,3/15/2020,$313.99 ,$44.99 
73,4/15/2020,$313.99 ,$44.99 
73,5/15/2020,$313.99 ,$44.99 
73,6/15/2020,$313.99 ,$44.99 
73,7/15/2020,$313.99 ,$44.99 
73,8/15/2020,$313.99 ,$44.99 
73,9/15/2020,$313.99 ,$44.99 
73,10/15/2020,$313.99 ,$44.99 
73,11/15/2020,$313.99 ,$44.99 
73,12/15/2020,$313.99 ,$44.99 
74,3/15/2020,$432.99 ,$40.99 
74,4/15/2020,$432.99 ,$40.99 
74,5/15/2020,$432.99 ,$40.99 
74,6/15/2020,$432.99 ,$40.99 
74,7/15/2020,$432.99 ,$40.99 
74,8/15/2020,$432.99 ,$40.99 
74,9/15/2020,$432.99 ,$40.99 
74,10/15/2020,$432.99 ,$40.99 
74,11/15/2020,$432.99 ,$40.99 
74,12/15/2020,$432.99 ,$40.99 
75,3/15/2020,$172.99 ,$32.99 
75,4/15/2020,$172.99 ,$32.99 
75,5/15/2020,$172.99 ,$32.99 
75,6/15/2020,$172.99 ,$32.99 
75,7/15/2020,$172.99 ,$32.99 
75,8/15/2020,$172.99 ,$32.99 
75,9/15/2020,$172.99 ,$32.99 
75,10/15/2020,$172.99 ,$32.99 
75,11/15/2020,$172.99 ,$32.99 
75,12/15/2020,$172.99 ,$32.99 
76,3/15/2020,$177.99 ,$36.99 
76,4/15/2020,$177.99 ,$36.99 
76,5/15/2020,$177.99 ,$36.99 
76,6/15/2020,$177.99 ,$36.99 
76,7/15/2020,$177.99 ,$36.99 
76,8/15/2020,$177.99 ,$36.99 
76,9/15/2020,$177.99 ,$36.99 
76,10/15/2020,$177.99 ,$36.99 
76,11/15/2020,$177.99 ,$36.99 
76,12/15/2020,$177.99 ,$36.99 
77,3/15/2020,$177.99 ,$36.99 
77,4/15/2020,$177.99 ,$36.99 
77,5/15/2020,$177.99 ,$36.99 
77,6/15/2020,$177.99 ,$36.99 
77,7/15/2020,$177.99 ,$36.99 
77,8/15/2020,$177.99 ,$36.99 
77,9/15/2020,$177.99 ,$36.99 
77,10/15/2020,$177.99 ,$36.99 
77,11/15/2020,$177.99 ,$36.99 
77,12/15/2020,$177.99 ,$36.99 
78,3/15/2020,$92.99 ,$32.99 
78,4/15/2020,$92.99 ,$32.99 
78,5/15/2020,$92.99 ,$32.99 
78,6/15/2020,$92.99 ,$32.99 
78,7/15/2020,$92.99 ,$32.99 
78,8/15/2020,$92.99 ,$32.99 
78,9/15/2020,$92.99 ,$32.99 
78,10/15/2020,$92.99 ,$32.99 
78,11/15/2020,$92.99 ,$32.99 
78,12/15/2020,$92.99 ,$32.99 
79,3/15/2020,$655.99 ,$48.99 
79,4/15/2020,$655.99 ,$48.99 
79,5/15/2020,$655.99 ,$48.99 
79,6/15/2020,$655.99 ,$48.99 
79,7/15/2020,$655.99 ,$48.99 
79,8/15/2020,$655.99 ,$48.99 
79,9/15/2020,$655.99 ,$48.99 
79,10/15/2020,$655.99 ,$48.99 
79,11/15/2020,$655.99 ,$48.99 
80,3/15/2020,$177.99 ,$36.99 
80,4/15/2020,$177.99 ,$36.99 
80,5/15/2020,$177.99 ,$36.99 
80,6/15/2020,$177.99 ,$36.99 
80,7/15/2020,$177.99 ,$36.99 
81,3/15/2020,$177.99 ,$36.99 
81,4/15/2020,$177.99 ,$36.99 
81,5/15/2020,$177.99 ,$36.99 
81,6/15/2020,$177.99 ,$36.99 
81,7/15/2020,$177.99 ,$36.99 
81,8/15/2020,$177.99 ,$36.99 
81,9/15/2020,$177.99 ,$36.99 
81,10/15/2020,$177.99 ,$36.99 
81,11/15/2020,$177.99 ,$36.99 
81,12/15/2020,$177.99 ,$36.99 
82,4/15/2020,$177.99 ,$36.99 
82,5/15/2020,$177.99 ,$36.99 
82,6/15/2020,$177.99 ,$36.99 
82,7/15/2020,$177.99 ,$36.99 
82,8/15/2020,$177.99 ,$36.99 
82,9/15/2020,$177.99 ,$36.99 
82,10/15/2020,$177.99 ,$36.99 
82,11/15/2020,$177.99 ,$36.99 
82,12/15/2020,$177.99 ,$36.99 
83,4/15/2020,$92.99 ,$32.99 
83,5/15/2020,$92.99 ,$32.99 
83,6/15/2020,$92.99 ,$32.99 
83,7/15/2020,$92.99 ,$32.99 
83,8/15/2020,$92.99 ,$32.99 
83,9/15/2020,$92.99 ,$32.99 
83,10/15/2020,$92.99 ,$32.99 
83,11/15/2020,$92.99 ,$32.99 
83,12/15/2020,$92.99 ,$32.99 
84,4/15/2020,$301.99 ,$36.99 
84,5/15/2020,$301.99 ,$36.99 
84,6/15/2020,$301.99 ,$36.99 
84,7/15/2020,$301.99 ,$36.99 
84,8/15/2020,$301.99 ,$36.99 
84,9/15/2020,$301.99 ,$36.99 
84,10/15/2020,$301.99 ,$36.99 
84,11/15/2020,$301.99 ,$36.99 
84,12/15/2020,$301.99 ,$36.99 
85,4/15/2020,$252.99 ,$40.99 
86,4/15/2020,$252.99 ,$40.99 
86,5/15/2020,$252.99 ,$40.99 
86,6/15/2020,$252.99 ,$40.99 
86,7/15/2020,$252.99 ,$40.99 
86,8/15/2020,$252.99 ,$40.99 
86,9/15/2020,$252.99 ,$40.99 
86,10/15/2020,$252.99 ,$40.99 
86,11/15/2020,$252.99 ,$40.99 
86,12/15/2020,$252.99 ,$40.99 
87,4/15/2020,$537.99 ,$44.99 
87,5/15/2020,$537.99 ,$44.99 
87,6/15/2020,$537.99 ,$44.99 
87,7/15/2020,$537.99 ,$44.99 
87,8/15/2020,$537.99 ,$44.99 
87,9/15/2020,$537.99 ,$44.99 
87,10/15/2020,$537.99 ,$44.99 
87,11/15/2020,$537.99 ,$44.99 
87,12/15/2020,$537.99 ,$44.99 
88,4/15/2020,$432.99 ,$40.99 
88,5/15/2020,$432.99 ,$40.99 
88,6/15/2020,$432.99 ,$40.99 
88,7/15/2020,$432.99 ,$40.99 
88,8/15/2020,$432.99 ,$40.99 
88,9/15/2020,$432.99 ,$40.99 
88,10/15/2020,$432.99 ,$40.99 
88,11/15/2020,$432.99 ,$40.99 
88,12/15/2020,$432.99 ,$40.99 
89,4/15/2020,$353.99 ,$48.99 
89,5/15/2020,$353.99 ,$48.99 
89,6/15/2020,$353.99 ,$48.99 
89,7/15/2020,$353.99 ,$48.99 
89,8/15/2020,$353.99 ,$48.99 
89,9/15/2020,$353.99 ,$48.99 
89,10/15/2020,$353.99 ,$48.99 
89,11/15/2020,$353.99 ,$48.99 
89,12/15/2020,$353.99 ,$48.99 
90,4/15/2020,$177.99 ,$36.99 
90,5/15/2020,$177.99 ,$36.99 
90,6/15/2020,$177.99 ,$36.99 
90,7/15/2020,$177.99 ,$36.99 
90,8/15/2020,$177.99 ,$36.99 
90,9/15/2020,$177.99 ,$36.99 
90,10/15/2020,$177.99 ,$36.99 
90,11/15/2020,$177.99 ,$36.99 
90,12/15/2020,$177.99 ,$36.99 
91,4/15/2020,$301.99 ,$36.99 
91,5/15/2020,$301.99 ,$36.99 
91,6/15/2020,$301.99 ,$36.99 
91,7/15/2020,$301.99 ,$36.99 
91,8/15/2020,$301.99 ,$36.99 
91,9/15/2020,$301.99 ,$36.99 
91,10/15/2020,$301.99 ,$36.99 
91,11/15/2020,$301.99 ,$36.99 
91,12/15/2020,$301.99 ,$36.99 
92,4/15/2020,$313.99 ,$44.99 
92,5/15/2020,$313.99 ,$44.99 
92,6/15/2020,$313.99 ,$44.99 
92,7/15/2020,$313.99 ,$44.99 
92,8/15/2020,$313.99 ,$44.99 
92,9/15/2020,$313.99 ,$44.99 
92,10/15/2020,$313.99 ,$44.99 
92,11/15/2020,$313.99 ,$44.99 
92,12/15/2020,$313.99 ,$44.99 
93,4/15/2020,$92.99 ,$32.99 
93,5/15/2020,$92.99 ,$32.99 
93,6/15/2020,$92.99 ,$32.99 
93,7/15/2020,$92.99 ,$32.99 
93,8/15/2020,$92.99 ,$32.99 
93,9/15/2020,$92.99 ,$32.99 
93,10/15/2020,$92.99 ,$32.99 
93,11/15/2020,$92.99 ,$32.99 
93,12/15/2020,$92.99 ,$32.99 
94,4/15/2020,$313.99 ,$44.99 
94,5/15/2020,$313.99 ,$44.99 
94,6/15/2020,$313.99 ,$44.99 
94,7/15/2020,$313.99 ,$44.99 
94,8/15/2020,$313.99 ,$44.99 
94,9/15/2020,$313.99 ,$44.99 
94,10/15/2020,$313.99 ,$44.99 
94,11/15/2020,$313.99 ,$44.99 
94,12/15/2020,$313.99 ,$44.99 
95,4/15/2020,$252.99 ,$40.99 
95,5/15/2020,$252.99 ,$40.99 
95,6/15/2020,$252.99 ,$40.99 
95,7/15/2020,$252.99 ,$40.99 
95,8/15/2020,$252.99 ,$40.99 
95,9/15/2020,$252.99 ,$40.99 
95,10/15/2020,$252.99 ,$40.99 
95,11/15/2020,$252.99 ,$40.99 
95,12/15/2020,$252.99 ,$40.99 
96,4/15/2020,$252.99 ,$40.99 
96,5/15/2020,$252.99 ,$40.99 
96,6/15/2020,$252.99 ,$40.99 
96,7/15/2020,$252.99 ,$40.99 
96,8/15/2020,$252.99 ,$40.99 
96,9/15/2020,$252.99 ,$40.99 
96,10/15/2020,$252.99 ,$40.99 
97,4/15/2020,$177.99 ,$36.99 
97,5/15/2020,$177.99 ,$36.99 
97,6/15/2020,$177.99 ,$36.99 
97,7/15/2020,$177.99 ,$36.99 
97,8/15/2020,$177.99 ,$36.99 
97,9/15/2020,$177.99 ,$36.99 
97,10/15/2020,$177.99 ,$36.99 
97,11/15/2020,$177.99 ,$36.99 
97,12/15/2020,$177.99 ,$36.99 
98,4/15/2020,$177.99 ,$36.99 
98,5/15/2020,$177.99 ,$36.99 
98,6/15/2020,$177.99 ,$36.99 
98,7/15/2020,$177.99 ,$36.99 
98,8/15/2020,$177.99 ,$36.99 
98,9/15/2020,$177.99 ,$36.99 
98,10/15/2020,$177.99 ,$36.99 
98,11/15/2020,$177.99 ,$36.99 
98,12/15/2020,$177.99 ,$36.99 
99,4/15/2020,$301.99 ,$36.99 
99,5/15/2020,$301.99 ,$36.99 
99,6/15/2020,$301.99 ,$36.99 
99,7/15/2020,$301.99 ,$36.99 
99,8/15/2020,$301.99 ,$36.99 
99,9/15/2020,$301.99 ,$36.99 
99,10/15/2020,$301.99 ,$36.99 
99,11/15/2020,$301.99 ,$36.99 
99,12/15/2020,$301.99 ,$36.99 
100,4/15/2020,$177.99 ,$36.99 
100,5/15/2020,$177.99 ,$36.99 
100,6/15/2020,$177.99 ,$36.99 
100,7/15/2020,$177.99 ,$36.99 
100,8/15/2020,$177.99 ,$36.99 
100,9/15/2020,$177.99 ,$36.99 
100,10/15/2020,$177.99 ,$36.99 
100,11/15/2020,$177.99 ,$36.99 
100,12/15/2020,$177.99 ,$36.99 
101,4/15/2020,$252.99 ,$40.99 
101,5/15/2020,$252.99 ,$40.99 
101,6/15/2020,$252.99 ,$40.99 
101,7/15/2020,$252.99 ,$40.99 
101,8/15/2020,$252.99 ,$40.99 
101,9/15/2020,$252.99 ,$40.99 
101,10/15/2020,$252.99 ,$40.99 
101,11/15/2020,$252.99 ,$40.99 
101,12/15/2020,$252.99 ,$40.99 
102,4/15/2020,$301.99 ,$36.99 
102,5/15/2020,$301.99 ,$36.99 
102,6/15/2020,$301.99 ,$36.99 
102,7/15/2020,$301.99 ,$36.99 
102,8/15/2020,$301.99 ,$36.99 
102,9/15/2020,$301.99 ,$36.99 
102,10/15/2020,$301.99 ,$36.99 
102,11/15/2020,$301.99 ,$36.99 
102,12/15/2020,$301.99 ,$36.99 
103,4/15/2020,$432.99 ,$40.99 
103,5/15/2020,$432.99 ,$40.99 
103,6/15/2020,$432.99 ,$40.99 
103,7/15/2020,$432.99 ,$40.99 
103,8/15/2020,$432.99 ,$40.99 
103,9/15/2020,$432.99 ,$40.99 
103,10/15/2020,$432.99 ,$40.99 
103,11/15/2020,$432.99 ,$40.99 
103,12/15/2020,$432.99 ,$40.99 
104,4/15/2020,$432.99 ,$40.99 
104,5/15/2020,$432.99 ,$40.99 
104,6/15/2020,$432.99 ,$40.99 
104,7/15/2020,$432.99 ,$40.99 
104,8/15/2020,$432.99 ,$40.99 
104,9/15/2020,$432.99 ,$40.99 
104,10/15/2020,$432.99 ,$40.99 
104,11/15/2020,$432.99 ,$40.99 
104,12/15/2020,$432.99 ,$40.99 
105,4/15/2020,$252.99 ,$40.99 
105,5/15/2020,$252.99 ,$40.99 
105,6/15/2020,$252.99 ,$40.99 
105,7/15/2020,$252.99 ,$40.99 
105,8/15/2020,$252.99 ,$40.99 
105,9/15/2020,$252.99 ,$40.99 
105,10/15/2020,$252.99 ,$40.99 
105,11/15/2020,$252.99 ,$40.99 
105,12/15/2020,$252.99 ,$40.99 
106,4/15/2020,$177.99 ,$36.99 
106,5/15/2020,$177.99 ,$36.99 
106,6/15/2020,$177.99 ,$36.99 
106,7/15/2020,$177.99 ,$36.99 
106,8/15/2020,$177.99 ,$36.99 
106,9/15/2020,$177.99 ,$36.99 
106,10/15/2020,$177.99 ,$36.99 
106,11/15/2020,$177.99 ,$36.99 
106,12/15/2020,$177.99 ,$36.99 
107,4/15/2020,$252.99 ,$40.99 
107,5/15/2020,$252.99 ,$40.99 
107,6/15/2020,$252.99 ,$40.99 
107,7/15/2020,$252.99 ,$40.99 
107,8/15/2020,$252.99 ,$40.99 
107,9/15/2020,$252.99 ,$40.99 
107,10/15/2020,$252.99 ,$40.99 
107,11/15/2020,$252.99 ,$40.99 
107,12/15/2020,$252.99 ,$40.99 
108,4/15/2020,$177.99 ,$36.99 
108,5/15/2020,$177.99 ,$36.99 
108,6/15/2020,$177.99 ,$36.99 
108,7/15/2020,$177.99 ,$36.99 
108,8/15/2020,$177.99 ,$36.99 
108,9/15/2020,$177.99 ,$36.99 
108,10/15/2020,$177.99 ,$36.99 
108,11/15/2020,$177.99 ,$36.99 
108,12/15/2020,$177.99 ,$36.99 
109,4/15/2020,$177.99 ,$36.99 
109,5/15/2020,$177.99 ,$36.99 
109,6/15/2020,$177.99 ,$36.99 
109,7/15/2020,$177.99 ,$36.99 
109,8/15/2020,$177.99 ,$36.99 
109,9/15/2020,$177.99 ,$36.99 
109,10/15/2020,$177.99 ,$36.99 
109,11/15/2020,$177.99 ,$36.99 
109,12/15/2020,$177.99 ,$36.99 
110,4/15/2020,$252.99 ,$40.99 
110,5/15/2020,$252.99 ,$40.99 
110,6/15/2020,$252.99 ,$40.99 
110,7/15/2020,$252.99 ,$40.99 
110,8/15/2020,$252.99 ,$40.99 
110,9/15/2020,$252.99 ,$40.99 
110,10/15/2020,$252.99 ,$40.99 
110,11/15/2020,$252.99 ,$40.99 
110,12/15/2020,$252.99 ,$40.99 
111,4/15/2020,$313.99 ,$44.99 
111,5/15/2020,$313.99 ,$44.99 
111,6/15/2020,$313.99 ,$44.99 
111,7/15/2020,$313.99 ,$44.99 
111,8/15/2020,$313.99 ,$44.99 
111,9/15/2020,$313.99 ,$44.99 
111,10/15/2020,$313.99 ,$44.99 
111,11/15/2020,$313.99 ,$44.99 
111,12/15/2020,$313.99 ,$44.99 
112,5/15/2020,$353.99 ,$48.99 
112,6/15/2020,$353.99 ,$48.99 
112,7/15/2020,$353.99 ,$48.99 
112,8/15/2020,$353.99 ,$48.99 
112,9/15/2020,$353.99 ,$48.99 
112,10/15/2020,$353.99 ,$48.99 
112,11/15/2020,$353.99 ,$48.99 
112,12/15/2020,$353.99 ,$48.99 
113,5/15/2020,$172.99 ,$32.99 
113,6/15/2020,$172.99 ,$32.99 
113,7/15/2020,$172.99 ,$32.99 
113,8/15/2020,$172.99 ,$32.99 
113,9/15/2020,$172.99 ,$32.99 
113,10/15/2020,$172.99 ,$32.99 
113,11/15/2020,$172.99 ,$32.99 
113,12/15/2020,$172.99 ,$32.99 
114,5/15/2020,$177.99 ,$36.99 
114,6/15/2020,$177.99 ,$36.99 
114,7/15/2020,$177.99 ,$36.99 
114,8/15/2020,$177.99 ,$36.99 
114,9/15/2020,$177.99 ,$36.99 
114,10/15/2020,$177.99 ,$36.99 
114,11/15/2020,$177.99 ,$36.99 
114,12/15/2020,$177.99 ,$36.99 
115,5/15/2020,$92.99 ,$32.99 
115,6/15/2020,$92.99 ,$32.99 
115,7/15/2020,$92.99 ,$32.99 
115,8/15/2020,$92.99 ,$32.99 
115,9/15/2020,$92.99 ,$32.99 
115,10/15/2020,$92.99 ,$32.99 
115,11/15/2020,$92.99 ,$32.99 
115,12/15/2020,$92.99 ,$32.99 
116,5/15/2020,$252.99 ,$40.99 
116,6/15/2020,$252.99 ,$40.99 
116,7/15/2020,$252.99 ,$40.99 
116,8/15/2020,$252.99 ,$40.99 
116,9/15/2020,$252.99 ,$40.99 
116,10/15/2020,$252.99 ,$40.99 
116,11/15/2020,$252.99 ,$40.99 
116,12/15/2020,$252.99 ,$40.99 
117,5/15/2020,$92.99 ,$32.99 
117,6/15/2020,$92.99 ,$32.99 
117,7/15/2020,$92.99 ,$32.99 
117,8/15/2020,$92.99 ,$32.99 
117,9/15/2020,$92.99 ,$32.99 
117,10/15/2020,$92.99 ,$32.99 
117,11/15/2020,$92.99 ,$32.99 
117,12/15/2020,$92.99 ,$32.99 
118,5/15/2020,$313.99 ,$44.99 
118,6/15/2020,$313.99 ,$44.99 
118,7/15/2020,$313.99 ,$44.99 
118,8/15/2020,$313.99 ,$44.99 
118,9/15/2020,$313.99 ,$44.99 
118,10/15/2020,$313.99 ,$44.99 
118,11/15/2020,$313.99 ,$44.99 
118,12/15/2020,$313.99 ,$44.99 
119,5/15/2020,$313.99 ,$44.99 
119,6/15/2020,$313.99 ,$44.99 
119,7/15/2020,$313.99 ,$44.99 
119,8/15/2020,$313.99 ,$44.99 
119,9/15/2020,$313.99 ,$44.99 
119,10/15/2020,$313.99 ,$44.99 
119,11/15/2020,$313.99 ,$44.99 
119,12/15/2020,$313.99 ,$44.99 
120,5/15/2020,$177.99 ,$36.99 
120,6/15/2020,$177.99 ,$36.99 
120,7/15/2020,$177.99 ,$36.99 
120,8/15/2020,$177.99 ,$36.99 
120,9/15/2020,$177.99 ,$36.99 
120,10/15/2020,$177.99 ,$36.99 
120,11/15/2020,$177.99 ,$36.99 
120,12/15/2020,$177.99 ,$36.99 
121,5/15/2020,$432.99 ,$40.99 
121,6/15/2020,$432.99 ,$40.99 
121,7/15/2020,$432.99 ,$40.99 
121,8/15/2020,$432.99 ,$40.99 
121,9/15/2020,$432.99 ,$40.99 
121,10/15/2020,$432.99 ,$40.99 
121,11/15/2020,$432.99 ,$40.99 
121,12/15/2020,$432.99 ,$40.99 
122,5/15/2020,$301.99 ,$36.99 
122,6/15/2020,$301.99 ,$36.99 
122,7/15/2020,$301.99 ,$36.99 
122,8/15/2020,$301.99 ,$36.99 
122,9/15/2020,$301.99 ,$36.99 
122,10/15/2020,$301.99 ,$36.99 
122,11/15/2020,$301.99 ,$36.99 
122,12/15/2020,$301.99 ,$36.99 
123,5/15/2020,$301.99 ,$36.99 
123,6/15/2020,$301.99 ,$36.99 
123,7/15/2020,$301.99 ,$36.99 
123,8/15/2020,$301.99 ,$36.99 
123,9/15/2020,$301.99 ,$36.99 
123,10/15/2020,$301.99 ,$36.99 
123,11/15/2020,$301.99 ,$36.99 
123,12/15/2020,$301.99 ,$36.99 
124,5/15/2020,$92.99 ,$32.99 
124,6/15/2020,$92.99 ,$32.99 
124,7/15/2020,$92.99 ,$32.99 
124,8/15/2020,$92.99 ,$32.99 
124,9/15/2020,$92.99 ,$32.99 
124,10/15/2020,$92.99 ,$32.99 
124,11/15/2020,$92.99 ,$32.99 
124,12/15/2020,$92.99 ,$32.99 
125,5/15/2020,$252.99 ,$40.99 
125,6/15/2020,$252.99 ,$40.99 
125,7/15/2020,$252.99 ,$40.99 
125,8/15/2020,$252.99 ,$40.99 
125,9/15/2020,$252.99 ,$40.99 
125,10/15/2020,$252.99 ,$40.99 
125,11/15/2020,$252.99 ,$40.99 
125,12/15/2020,$252.99 ,$40.99 
126,5/15/2020,$432.99 ,$40.99 
126,6/15/2020,$432.99 ,$40.99 
126,7/15/2020,$432.99 ,$40.99 
126,8/15/2020,$432.99 ,$40.99 
126,9/15/2020,$432.99 ,$40.99 
126,10/15/2020,$432.99 ,$40.99 
126,11/15/2020,$432.99 ,$40.99 
126,12/15/2020,$432.99 ,$40.99 
127,5/15/2020,$432.99 ,$40.99 
128,5/15/2020,$301.99 ,$36.99 
128,6/15/2020,$301.99 ,$36.99 
128,7/15/2020,$301.99 ,$36.99 
128,8/15/2020,$301.99 ,$36.99 
128,9/15/2020,$301.99 ,$36.99 
128,10/15/2020,$301.99 ,$36.99 
128,11/15/2020,$301.99 ,$36.99 
128,12/15/2020,$301.99 ,$36.99 
129,5/15/2020,$252.99 ,$40.99 
129,6/15/2020,$252.99 ,$40.99 
129,7/15/2020,$252.99 ,$40.99 
129,8/15/2020,$252.99 ,$40.99 
129,9/15/2020,$252.99 ,$40.99 
129,10/15/2020,$252.99 ,$40.99 
129,11/15/2020,$252.99 ,$40.99 
129,12/15/2020,$252.99 ,$40.99 
130,5/15/2020,$252.99 ,$40.99 
130,6/15/2020,$252.99 ,$40.99 
130,7/15/2020,$252.99 ,$40.99 
130,8/15/2020,$252.99 ,$40.99 
130,9/15/2020,$252.99 ,$40.99 
130,10/15/2020,$252.99 ,$40.99 
130,11/15/2020,$252.99 ,$40.99 
130,12/15/2020,$252.99 ,$40.99 
131,5/15/2020,$252.99 ,$40.99 
131,6/15/2020,$252.99 ,$40.99 
131,7/15/2020,$252.99 ,$40.99 
131,8/15/2020,$252.99 ,$40.99 
131,9/15/2020,$252.99 ,$40.99 
131,10/15/2020,$252.99 ,$40.99 
131,11/15/2020,$252.99 ,$40.99 
131,12/15/2020,$252.99 ,$40.99 
132,5/15/2020,$313.99 ,$44.99 
132,6/15/2020,$313.99 ,$44.99 
132,7/15/2020,$313.99 ,$44.99 
132,8/15/2020,$313.99 ,$44.99 
132,9/15/2020,$313.99 ,$44.99 
132,10/15/2020,$313.99 ,$44.99 
132,11/15/2020,$313.99 ,$44.99 
132,12/15/2020,$313.99 ,$44.99 
133,5/15/2020,$432.99 ,$40.99 
133,6/15/2020,$432.99 ,$40.99 
133,7/15/2020,$432.99 ,$40.99 
133,8/15/2020,$432.99 ,$40.99 
133,9/15/2020,$432.99 ,$40.99 
133,10/15/2020,$432.99 ,$40.99 
133,11/15/2020,$432.99 ,$40.99 
133,12/15/2020,$432.99 ,$40.99 
134,5/15/2020,$432.99 ,$40.99 
134,6/15/2020,$432.99 ,$40.99 
134,7/15/2020,$432.99 ,$40.99 
134,8/15/2020,$432.99 ,$40.99 
134,9/15/2020,$432.99 ,$40.99 
134,10/15/2020,$432.99 ,$40.99 
134,11/15/2020,$432.99 ,$40.99 
134,12/15/2020,$432.99 ,$40.99 
135,5/15/2020,$252.99 ,$40.99 
135,6/15/2020,$252.99 ,$40.99 
135,7/15/2020,$252.99 ,$40.99 
136,5/15/2020,$301.99 ,$36.99 
136,6/15/2020,$301.99 ,$36.99 
136,7/15/2020,$301.99 ,$36.99 
137,5/15/2020,$301.99 ,$36.99 
137,6/15/2020,$301.99 ,$36.99 
138,5/15/2020,$92.99 ,$32.99 
138,6/15/2020,$92.99 ,$32.99 
138,7/15/2020,$92.99 ,$32.99 
138,8/15/2020,$92.99 ,$32.99 
138,9/15/2020,$92.99 ,$32.99 
138,10/15/2020,$92.99 ,$32.99 
138,11/15/2020,$92.99 ,$32.99 
138,12/15/2020,$92.99 ,$32.99 
139,5/15/2020,$301.99 ,$36.99 
139,6/15/2020,$301.99 ,$36.99 
139,7/15/2020,$301.99 ,$36.99 
139,8/15/2020,$301.99 ,$36.99 
139,9/15/2020,$301.99 ,$36.99 
139,10/15/2020,$301.99 ,$36.99 
139,11/15/2020,$301.99 ,$36.99 
139,12/15/2020,$301.99 ,$36.99 
140,5/15/2020,$313.99 ,$44.99 
140,6/15/2020,$313.99 ,$44.99 
140,7/15/2020,$313.99 ,$44.99 
140,8/15/2020,$313.99 ,$44.99 
140,9/15/2020,$313.99 ,$44.99 
140,10/15/2020,$313.99 ,$44.99 
140,11/15/2020,$313.99 ,$44.99 
140,12/15/2020,$313.99 ,$44.99 
141,5/15/2020,$353.99 ,$48.99 
141,6/15/2020,$353.99 ,$48.99 
141,7/15/2020,$353.99 ,$48.99 
141,8/15/2020,$353.99 ,$48.99 
141,9/15/2020,$353.99 ,$48.99 
141,10/15/2020,$353.99 ,$48.99 
141,11/15/2020,$353.99 ,$48.99 
141,12/15/2020,$353.99 ,$48.99 
142,6/15/2020,$432.99 ,$40.99 
142,7/15/2020,$432.99 ,$40.99 
142,8/15/2020,$432.99 ,$40.99 
142,9/15/2020,$432.99 ,$40.99 
142,10/15/2020,$432.99 ,$40.99 
142,11/15/2020,$432.99 ,$40.99 
142,12/15/2020,$432.99 ,$40.99 
143,6/15/2020,$172.99 ,$32.99 
143,7/15/2020,$172.99 ,$32.99 
143,8/15/2020,$172.99 ,$32.99 
143,9/15/2020,$172.99 ,$32.99 
143,10/15/2020,$172.99 ,$32.99 
143,11/15/2020,$172.99 ,$32.99 
143,12/15/2020,$172.99 ,$32.99 
144,6/15/2020,$655.99 ,$48.99 
144,7/15/2020,$655.99 ,$48.99 
144,8/15/2020,$655.99 ,$48.99 
144,9/15/2020,$655.99 ,$48.99 
144,10/15/2020,$655.99 ,$48.99 
144,11/15/2020,$655.99 ,$48.99 
144,12/15/2020,$655.99 ,$48.99 
145,6/15/2020,$313.99 ,$44.99 
145,7/15/2020,$313.99 ,$44.99 
145,8/15/2020,$313.99 ,$44.99 
145,9/15/2020,$313.99 ,$44.99 
145,10/15/2020,$313.99 ,$44.99 
145,11/15/2020,$313.99 ,$44.99 
145,12/15/2020,$313.99 ,$44.99 
146,6/15/2020,$177.99 ,$36.99 
146,7/15/2020,$177.99 ,$36.99 
146,8/15/2020,$177.99 ,$36.99 
146,9/15/2020,$177.99 ,$36.99 
146,10/15/2020,$177.99 ,$36.99 
146,11/15/2020,$177.99 ,$36.99 
146,12/15/2020,$177.99 ,$36.99 
147,6/15/2020,$252.99 ,$40.99 
147,7/15/2020,$252.99 ,$40.99 
147,8/15/2020,$252.99 ,$40.99 
147,9/15/2020,$252.99 ,$40.99 
147,10/15/2020,$252.99 ,$40.99 
147,11/15/2020,$252.99 ,$40.99 
147,12/15/2020,$252.99 ,$40.99 
148,6/15/2020,$252.99 ,$40.99 
148,7/15/2020,$252.99 ,$40.99 
148,8/15/2020,$252.99 ,$40.99 
148,9/15/2020,$252.99 ,$40.99 
148,10/15/2020,$252.99 ,$40.99 
148,11/15/2020,$252.99 ,$40.99 
148,12/15/2020,$252.99 ,$40.99 
149,6/15/2020,$172.99 ,$32.99 
149,7/15/2020,$172.99 ,$32.99 
149,8/15/2020,$172.99 ,$32.99 
149,9/15/2020,$172.99 ,$32.99 
149,10/15/2020,$172.99 ,$32.99 
149,11/15/2020,$172.99 ,$32.99 
149,12/15/2020,$172.99 ,$32.99 
150,6/15/2020,$301.99 ,$36.99 
150,7/15/2020,$301.99 ,$36.99 
150,8/15/2020,$301.99 ,$36.99 
150,9/15/2020,$301.99 ,$36.99 
150,10/15/2020,$301.99 ,$36.99 
150,11/15/2020,$301.99 ,$36.99 
150,12/15/2020,$301.99 ,$36.99 
151,6/15/2020,$252.99 ,$40.99 
151,7/15/2020,$252.99 ,$40.99 
151,8/15/2020,$252.99 ,$40.99 
151,9/15/2020,$252.99 ,$40.99 
151,10/15/2020,$252.99 ,$40.99 
151,11/15/2020,$252.99 ,$40.99 
151,12/15/2020,$252.99 ,$40.99 
152,6/15/2020,$177.99 ,$36.99 
152,7/15/2020,$177.99 ,$36.99 
152,8/15/2020,$177.99 ,$36.99 
152,9/15/2020,$177.99 ,$36.99 
152,10/15/2020,$177.99 ,$36.99 
152,11/15/2020,$177.99 ,$36.99 
152,12/15/2020,$177.99 ,$36.99 
153,6/15/2020,$537.99 ,$44.99 
153,7/15/2020,$537.99 ,$44.99 
153,8/15/2020,$537.99 ,$44.99 
153,9/15/2020,$537.99 ,$44.99 
153,10/15/2020,$537.99 ,$44.99 
153,11/15/2020,$537.99 ,$44.99 
153,12/15/2020,$537.99 ,$44.99 
154,6/15/2020,$313.99 ,$44.99 
154,7/15/2020,$313.99 ,$44.99 
154,8/15/2020,$313.99 ,$44.99 
154,9/15/2020,$313.99 ,$44.99 
154,10/15/2020,$313.99 ,$44.99 
154,11/15/2020,$313.99 ,$44.99 
154,12/15/2020,$313.99 ,$44.99 
155,6/15/2020,$92.99 ,$32.99 
155,7/15/2020,$92.99 ,$32.99 
155,8/15/2020,$92.99 ,$32.99 
155,9/15/2020,$92.99 ,$32.99 
155,10/15/2020,$92.99 ,$32.99 
155,11/15/2020,$92.99 ,$32.99 
155,12/15/2020,$92.99 ,$32.99 
156,6/15/2020,$177.99 ,$36.99 
156,7/15/2020,$177.99 ,$36.99 
156,8/15/2020,$177.99 ,$36.99 
156,9/15/2020,$177.99 ,$36.99 
156,10/15/2020,$177.99 ,$36.99 
156,11/15/2020,$177.99 ,$36.99 
156,12/15/2020,$177.99 ,$36.99 
157,6/15/2020,$92.99 ,$32.99 
157,7/15/2020,$92.99 ,$32.99 
157,8/15/2020,$92.99 ,$32.99 
157,9/15/2020,$92.99 ,$32.99 
157,10/15/2020,$92.99 ,$32.99 
157,11/15/2020,$92.99 ,$32.99 
157,12/15/2020,$92.99 ,$32.99 
158,6/15/2020,$92.99 ,$32.99 
158,7/15/2020,$92.99 ,$32.99 
158,8/15/2020,$92.99 ,$32.99 
158,9/15/2020,$92.99 ,$32.99 
158,10/15/2020,$92.99 ,$32.99 
158,11/15/2020,$92.99 ,$32.99 
158,12/15/2020,$92.99 ,$32.99 
159,6/15/2020,$537.99 ,$44.99 
159,7/15/2020,$537.99 ,$44.99 
159,8/15/2020,$537.99 ,$44.99 
159,9/15/2020,$537.99 ,$44.99 
159,10/15/2020,$537.99 ,$44.99 
159,11/15/2020,$537.99 ,$44.99 
159,12/15/2020,$537.99 ,$44.99 
160,6/15/2020,$252.99 ,$40.99 
160,7/15/2020,$252.99 ,$40.99 
160,8/15/2020,$252.99 ,$40.99 
160,9/15/2020,$252.99 ,$40.99 
160,10/15/2020,$252.99 ,$40.99 
160,11/15/2020,$252.99 ,$40.99 
160,12/15/2020,$252.99 ,$40.99 
161,6/15/2020,$252.99 ,$40.99 
161,7/15/2020,$252.99 ,$40.99 
161,8/15/2020,$252.99 ,$40.99 
161,9/15/2020,$252.99 ,$40.99 
161,10/15/2020,$252.99 ,$40.99 
161,11/15/2020,$252.99 ,$40.99 
161,12/15/2020,$252.99 ,$40.99 
162,6/15/2020,$177.99 ,$36.99 
162,7/15/2020,$177.99 ,$36.99 
162,8/15/2020,$177.99 ,$36.99 
162,9/15/2020,$177.99 ,$36.99 
162,10/15/2020,$177.99 ,$36.99 
162,11/15/2020,$177.99 ,$36.99 
162,12/15/2020,$177.99 ,$36.99 
163,6/15/2020,$252.99 ,$40.99 
163,7/15/2020,$252.99 ,$40.99 
163,8/15/2020,$252.99 ,$40.99 
163,9/15/2020,$252.99 ,$40.99 
163,10/15/2020,$252.99 ,$40.99 
163,11/15/2020,$252.99 ,$40.99 
163,12/15/2020,$252.99 ,$40.99 
164,6/15/2020,$172.99 ,$32.99 
164,7/15/2020,$172.99 ,$32.99 
164,8/15/2020,$172.99 ,$32.99 
165,6/15/2020,$432.99 ,$40.99 
165,7/15/2020,$432.99 ,$40.99 
165,8/15/2020,$432.99 ,$40.99 
165,9/15/2020,$432.99 ,$40.99 
165,10/15/2020,$432.99 ,$40.99 
165,11/15/2020,$432.99 ,$40.99 
165,12/15/2020,$432.99 ,$40.99 
166,6/15/2020,$432.99 ,$40.99 
166,7/15/2020,$432.99 ,$40.99 
166,8/15/2020,$432.99 ,$40.99 
166,9/15/2020,$432.99 ,$40.99 
166,10/15/2020,$432.99 ,$40.99 
166,11/15/2020,$432.99 ,$40.99 
166,12/15/2020,$432.99 ,$40.99 
167,6/15/2020,$537.99 ,$44.99 
167,7/15/2020,$537.99 ,$44.99 
167,8/15/2020,$537.99 ,$44.99 
167,9/15/2020,$537.99 ,$44.99 
167,10/15/2020,$537.99 ,$44.99 
167,11/15/2020,$537.99 ,$44.99 
167,12/15/2020,$537.99 ,$44.99 
168,6/15/2020,$353.99 ,$48.99 
168,7/15/2020,$353.99 ,$48.99 
168,8/15/2020,$353.99 ,$48.99 
168,9/15/2020,$353.99 ,$48.99 
168,10/15/2020,$353.99 ,$48.99 
168,11/15/2020,$353.99 ,$48.99 
168,12/15/2020,$353.99 ,$48.99 
169,6/15/2020,$172.99 ,$32.99 
169,7/15/2020,$172.99 ,$32.99 
169,8/15/2020,$172.99 ,$32.99 
169,9/15/2020,$172.99 ,$32.99 
169,10/15/2020,$172.99 ,$32.99 
169,11/15/2020,$172.99 ,$32.99 
169,12/15/2020,$172.99 ,$32.99 
170,6/15/2020,$177.99 ,$36.99 
170,7/15/2020,$177.99 ,$36.99 
170,8/15/2020,$177.99 ,$36.99 
170,9/15/2020,$177.99 ,$36.99 
170,10/15/2020,$177.99 ,$36.99 
170,11/15/2020,$177.99 ,$36.99 
170,12/15/2020,$177.99 ,$36.99 
171,6/15/2020,$252.99 ,$40.99 
171,7/15/2020,$252.99 ,$40.99 
171,8/15/2020,$252.99 ,$40.99 
171,9/15/2020,$252.99 ,$40.99 
171,10/15/2020,$252.99 ,$40.99 
171,11/15/2020,$252.99 ,$40.99 
171,12/15/2020,$252.99 ,$40.99 
172,6/15/2020,$313.99 ,$44.99 
172,7/15/2020,$313.99 ,$44.99 
172,8/15/2020,$313.99 ,$44.99 
172,9/15/2020,$313.99 ,$44.99 
172,10/15/2020,$313.99 ,$44.99 
172,11/15/2020,$313.99 ,$44.99 
172,12/15/2020,$313.99 ,$44.99 
173,6/15/2020,$301.99 ,$36.99 
173,7/15/2020,$301.99 ,$36.99 
173,8/15/2020,$301.99 ,$36.99 
173,9/15/2020,$301.99 ,$36.99 
173,10/15/2020,$301.99 ,$36.99 
173,11/15/2020,$301.99 ,$36.99 
173,12/15/2020,$301.99 ,$36.99 
174,6/15/2020,$432.99 ,$40.99 
174,7/15/2020,$432.99 ,$40.99 
174,8/15/2020,$432.99 ,$40.99 
174,9/15/2020,$432.99 ,$40.99 
174,10/15/2020,$432.99 ,$40.99 
174,11/15/2020,$432.99 ,$40.99 
174,12/15/2020,$432.99 ,$40.99 
175,6/15/2020,$301.99 ,$36.99 
175,7/15/2020,$301.99 ,$36.99 
175,8/15/2020,$301.99 ,$36.99 
175,9/15/2020,$301.99 ,$36.99 
175,10/15/2020,$301.99 ,$36.99 
175,11/15/2020,$301.99 ,$36.99 
175,12/15/2020,$301.99 ,$36.99 
176,7/15/2020,$172.99 ,$32.99 
176,8/15/2020,$172.99 ,$32.99 
176,9/15/2020,$172.99 ,$32.99 
176,10/15/2020,$172.99 ,$32.99 
176,11/15/2020,$172.99 ,$32.99 
176,12/15/2020,$172.99 ,$32.99 
177,7/15/2020,$432.99 ,$40.99 
177,8/15/2020,$432.99 ,$40.99 
177,9/15/2020,$432.99 ,$40.99 
177,10/15/2020,$432.99 ,$40.99 
177,11/15/2020,$432.99 ,$40.99 
177,12/15/2020,$432.99 ,$40.99 
178,7/15/2020,$92.99 ,$32.99 
178,8/15/2020,$92.99 ,$32.99 
178,9/15/2020,$92.99 ,$32.99 
178,10/15/2020,$92.99 ,$32.99 
178,11/15/2020,$92.99 ,$32.99 
178,12/15/2020,$92.99 ,$32.99 
179,7/15/2020,$301.99 ,$36.99 
179,8/15/2020,$301.99 ,$36.99 
179,9/15/2020,$301.99 ,$36.99 
179,10/15/2020,$301.99 ,$36.99 
179,11/15/2020,$301.99 ,$36.99 
179,12/15/2020,$301.99 ,$36.99 
180,7/15/2020,$432.99 ,$40.99 
180,8/15/2020,$432.99 ,$40.99 
180,9/15/2020,$432.99 ,$40.99 
180,10/15/2020,$432.99 ,$40.99 
180,11/15/2020,$432.99 ,$40.99 
180,12/15/2020,$432.99 ,$40.99 
181,7/15/2020,$252.99 ,$40.99 
181,8/15/2020,$252.99 ,$40.99 
181,9/15/2020,$252.99 ,$40.99 
181,10/15/2020,$252.99 ,$40.99 
181,11/15/2020,$252.99 ,$40.99 
181,12/15/2020,$252.99 ,$40.99 
182,7/15/2020,$252.99 ,$40.99 
182,8/15/2020,$252.99 ,$40.99 
182,9/15/2020,$252.99 ,$40.99 
182,10/15/2020,$252.99 ,$40.99 
182,11/15/2020,$252.99 ,$40.99 
182,12/15/2020,$252.99 ,$40.99 
184,7/15/2020,$172.99 ,$32.99 
184,8/15/2020,$172.99 ,$32.99 
184,9/15/2020,$172.99 ,$32.99 
184,10/15/2020,$172.99 ,$32.99 
184,11/15/2020,$172.99 ,$32.99 
184,12/15/2020,$172.99 ,$32.99 
185,7/15/2020,$313.99 ,$44.99 
185,8/15/2020,$313.99 ,$44.99 
185,9/15/2020,$313.99 ,$44.99 
185,10/15/2020,$313.99 ,$44.99 
185,11/15/2020,$313.99 ,$44.99 
185,12/15/2020,$313.99 ,$44.99 
186,7/15/2020,$177.99 ,$36.99 
186,8/15/2020,$177.99 ,$36.99 
186,9/15/2020,$177.99 ,$36.99 
186,10/15/2020,$177.99 ,$36.99 
186,11/15/2020,$177.99 ,$36.99 
186,12/15/2020,$177.99 ,$36.99 
187,7/15/2020,$177.99 ,$36.99 
187,8/15/2020,$177.99 ,$36.99 
187,9/15/2020,$177.99 ,$36.99 
188,7/15/2020,$172.99 ,$32.99 
188,8/15/2020,$172.99 ,$32.99 
188,9/15/2020,$172.99 ,$32.99 
188,10/15/2020,$172.99 ,$32.99 
188,11/15/2020,$172.99 ,$32.99 
188,12/15/2020,$172.99 ,$32.99 
189,7/15/2020,$301.99 ,$36.99 
189,8/15/2020,$301.99 ,$36.99 
189,9/15/2020,$301.99 ,$36.99 
189,10/15/2020,$301.99 ,$36.99 
189,11/15/2020,$301.99 ,$36.99 
189,12/15/2020,$301.99 ,$36.99 
190,7/15/2020,$301.99 ,$36.99 
190,8/15/2020,$301.99 ,$36.99 
190,9/15/2020,$301.99 ,$36.99 
190,10/15/2020,$301.99 ,$36.99 
190,11/15/2020,$301.99 ,$36.99 
190,12/15/2020,$301.99 ,$36.99 
191,7/15/2020,$252.99 ,$40.99 
191,8/15/2020,$252.99 ,$40.99 
191,9/15/2020,$252.99 ,$40.99 
191,10/15/2020,$252.99 ,$40.99 
191,11/15/2020,$252.99 ,$40.99 
191,12/15/2020,$252.99 ,$40.99 
192,7/15/2020,$432.99 ,$40.99 
192,8/15/2020,$432.99 ,$40.99 
192,9/15/2020,$432.99 ,$40.99 
192,10/15/2020,$432.99 ,$40.99 
192,11/15/2020,$432.99 ,$40.99 
192,12/15/2020,$432.99 ,$40.99 
193,7/15/2020,$301.99 ,$36.99 
194,7/15/2020,$313.99 ,$44.99 
194,8/15/2020,$313.99 ,$44.99 
194,9/15/2020,$313.99 ,$44.99 
194,10/15/2020,$313.99 ,$44.99 
194,11/15/2020,$313.99 ,$44.99 
194,12/15/2020,$313.99 ,$44.99 
195,7/15/2020,$177.99 ,$36.99 
195,8/15/2020,$177.99 ,$36.99 
195,9/15/2020,$177.99 ,$36.99 
195,10/15/2020,$177.99 ,$36.99 
195,11/15/2020,$177.99 ,$36.99 
195,12/15/2020,$177.99 ,$36.99 
196,7/15/2020,$301.99 ,$36.99 
196,8/15/2020,$301.99 ,$36.99 
196,9/15/2020,$301.99 ,$36.99 
196,10/15/2020,$301.99 ,$36.99 
196,11/15/2020,$301.99 ,$36.99 
196,12/15/2020,$301.99 ,$36.99 
197,7/15/2020,$655.99 ,$48.99 
197,8/15/2020,$655.99 ,$48.99 
197,9/15/2020,$655.99 ,$48.99 
198,7/15/2020,$432.99 ,$40.99 
198,8/15/2020,$432.99 ,$40.99 
198,9/15/2020,$432.99 ,$40.99 
198,10/15/2020,$432.99 ,$40.99 
198,11/15/2020,$432.99 ,$40.99 
198,12/15/2020,$432.99 ,$40.99 
199,7/15/2020,$172.99 ,$32.99 
199,8/15/2020,$172.99 ,$32.99 
199,9/15/2020,$172.99 ,$32.99 
199,10/15/2020,$172.99 ,$32.99 
199,11/15/2020,$172.99 ,$32.99 
199,12/15/2020,$172.99 ,$32.99 
200,7/15/2020,$177.99 ,$36.99 
200,8/15/2020,$177.99 ,$36.99 
200,9/15/2020,$177.99 ,$36.99 
200,10/15/2020,$177.99 ,$36.99 
200,11/15/2020,$177.99 ,$36.99 
200,12/15/2020,$177.99 ,$36.99 
201,7/15/2020,$252.99 ,$40.99 
201,8/15/2020,$252.99 ,$40.99 
201,9/15/2020,$252.99 ,$40.99 
201,10/15/2020,$252.99 ,$40.99 
201,11/15/2020,$252.99 ,$40.99 
201,12/15/2020,$252.99 ,$40.99 
202,7/15/2020,$313.99 ,$44.99 
202,8/15/2020,$313.99 ,$44.99 
202,9/15/2020,$313.99 ,$44.99 
202,10/15/2020,$313.99 ,$44.99 
202,11/15/2020,$313.99 ,$44.99 
203,7/15/2020,$432.99 ,$40.99 
203,8/15/2020,$432.99 ,$40.99 
203,9/15/2020,$432.99 ,$40.99 
203,10/15/2020,$432.99 ,$40.99 
203,11/15/2020,$432.99 ,$40.99 
203,12/15/2020,$432.99 ,$40.99 
204,7/15/2020,$92.99 ,$32.99 
204,8/15/2020,$92.99 ,$32.99 
204,9/15/2020,$92.99 ,$32.99 
204,10/15/2020,$92.99 ,$32.99 
204,11/15/2020,$92.99 ,$32.99 
204,12/15/2020,$92.99 ,$32.99 
205,7/15/2020,$353.99 ,$48.99 
205,8/15/2020,$353.99 ,$48.99 
205,9/15/2020,$353.99 ,$48.99 
205,10/15/2020,$353.99 ,$48.99 
205,11/15/2020,$353.99 ,$48.99 
205,12/15/2020,$353.99 ,$48.99 
206,7/15/2020,$92.99 ,$32.99 
206,8/15/2020,$92.99 ,$32.99 
206,9/15/2020,$92.99 ,$32.99 
206,10/15/2020,$92.99 ,$32.99 
206,11/15/2020,$92.99 ,$32.99 
206,12/15/2020,$92.99 ,$32.99 
207,7/15/2020,$301.99 ,$36.99 
207,8/15/2020,$301.99 ,$36.99 
207,9/15/2020,$301.99 ,$36.99 
207,10/15/2020,$301.99 ,$36.99 
207,11/15/2020,$301.99 ,$36.99 
207,12/15/2020,$301.99 ,$36.99 
208,7/15/2020,$252.99 ,$40.99 
208,8/15/2020,$252.99 ,$40.99 
208,9/15/2020,$252.99 ,$40.99 
208,10/15/2020,$252.99 ,$40.99 
208,11/15/2020,$252.99 ,$40.99 
208,12/15/2020,$252.99 ,$40.99 
209,7/15/2020,$301.99 ,$36.99 
209,8/15/2020,$301.99 ,$36.99 
209,9/15/2020,$301.99 ,$36.99 
209,10/15/2020,$301.99 ,$36.99 
210,7/15/2020,$537.99 ,$44.99 
210,8/15/2020,$537.99 ,$44.99 
210,9/15/2020,$537.99 ,$44.99 
210,10/15/2020,$537.99 ,$44.99 
211,7/15/2020,$177.99 ,$36.99 
211,8/15/2020,$177.99 ,$36.99 
211,9/15/2020,$177.99 ,$36.99 
211,10/15/2020,$177.99 ,$36.99 
211,11/15/2020,$177.99 ,$36.99 
211,12/15/2020,$177.99 ,$36.99 
212,7/15/2020,$252.99 ,$40.99 
212,8/15/2020,$252.99 ,$40.99 
212,9/15/2020,$252.99 ,$40.99 
212,10/15/2020,$252.99 ,$40.99 
212,11/15/2020,$252.99 ,$40.99 
212,12/15/2020,$252.99 ,$40.99 
213,7/15/2020,$655.99 ,$48.99 
213,8/15/2020,$655.99 ,$48.99 
213,9/15/2020,$655.99 ,$48.99 
213,10/15/2020,$655.99 ,$48.99 
213,11/15/2020,$655.99 ,$48.99 
213,12/15/2020,$655.99 ,$48.99 
214,7/15/2020,$177.99 ,$36.99 
214,8/15/2020,$177.99 ,$36.99 
214,9/15/2020,$177.99 ,$36.99 
214,10/15/2020,$177.99 ,$36.99 
214,11/15/2020,$177.99 ,$36.99 
214,12/15/2020,$177.99 ,$36.99 
215,7/15/2020,$177.99 ,$36.99 
215,8/15/2020,$177.99 ,$36.99 
215,9/15/2020,$177.99 ,$36.99 
215,10/15/2020,$177.99 ,$36.99 
215,11/15/2020,$177.99 ,$36.99 
215,12/15/2020,$177.99 ,$36.99 
216,7/15/2020,$177.99 ,$36.99 
216,8/15/2020,$177.99 ,$36.99 
216,9/15/2020,$177.99 ,$36.99 
216,10/15/2020,$177.99 ,$36.99 
216,11/15/2020,$177.99 ,$36.99 
216,12/15/2020,$177.99 ,$36.99 
217,7/15/2020,$432.99 ,$40.99 
217,8/15/2020,$432.99 ,$40.99 
217,9/15/2020,$432.99 ,$40.99 
217,10/15/2020,$432.99 ,$40.99 
217,11/15/2020,$432.99 ,$40.99 
217,12/15/2020,$432.99 ,$40.99 
218,7/15/2020,$172.99 ,$32.99 
218,8/15/2020,$172.99 ,$32.99 
218,9/15/2020,$172.99 ,$32.99 
218,10/15/2020,$172.99 ,$32.99 
218,11/15/2020,$172.99 ,$32.99 
218,12/15/2020,$172.99 ,$32.99 
219,7/15/2020,$92.99 ,$32.99 
219,8/15/2020,$92.99 ,$32.99 
219,9/15/2020,$92.99 ,$32.99 
219,10/15/2020,$92.99 ,$32.99 
219,11/15/2020,$92.99 ,$32.99 
219,12/15/2020,$92.99 ,$32.99 
220,8/15/2020,$301.99 ,$36.99 
220,9/15/2020,$301.99 ,$36.99 
220,10/15/2020,$301.99 ,$36.99 
220,11/15/2020,$301.99 ,$36.99 
220,12/15/2020,$301.99 ,$36.99 
221,8/15/2020,$92.99 ,$32.99 
221,9/15/2020,$92.99 ,$32.99 
221,10/15/2020,$92.99 ,$32.99 
221,11/15/2020,$92.99 ,$32.99 
221,12/15/2020,$92.99 ,$32.99 
222,8/15/2020,$353.99 ,$48.99 
222,9/15/2020,$353.99 ,$48.99 
222,10/15/2020,$353.99 ,$48.99 
222,11/15/2020,$353.99 ,$48.99 
222,12/15/2020,$353.99 ,$48.99 
223,8/15/2020,$301.99 ,$36.99 
223,9/15/2020,$301.99 ,$36.99 
223,10/15/2020,$301.99 ,$36.99 
223,11/15/2020,$301.99 ,$36.99 
223,12/15/2020,$301.99 ,$36.99 
224,8/15/2020,$252.99 ,$40.99 
224,9/15/2020,$252.99 ,$40.99 
224,10/15/2020,$252.99 ,$40.99 
224,11/15/2020,$252.99 ,$40.99 
224,12/15/2020,$252.99 ,$40.99 
225,8/15/2020,$537.99 ,$44.99 
225,9/15/2020,$537.99 ,$44.99 
225,10/15/2020,$537.99 ,$44.99 
225,11/15/2020,$537.99 ,$44.99 
225,12/15/2020,$537.99 ,$44.99 
226,8/15/2020,$301.99 ,$36.99 
226,9/15/2020,$301.99 ,$36.99 
226,10/15/2020,$301.99 ,$36.99 
226,11/15/2020,$301.99 ,$36.99 
226,12/15/2020,$301.99 ,$36.99 
227,8/15/2020,$252.99 ,$40.99 
227,9/15/2020,$252.99 ,$40.99 
227,10/15/2020,$252.99 ,$40.99 
227,11/15/2020,$252.99 ,$40.99 
227,12/15/2020,$252.99 ,$40.99 
228,8/15/2020,$301.99 ,$36.99 
228,9/15/2020,$301.99 ,$36.99 
228,10/15/2020,$301.99 ,$36.99 
228,11/15/2020,$301.99 ,$36.99 
228,12/15/2020,$301.99 ,$36.99 
229,8/15/2020,$92.99 ,$32.99 
229,9/15/2020,$92.99 ,$32.99 
229,10/15/2020,$92.99 ,$32.99 
229,11/15/2020,$92.99 ,$32.99 
229,12/15/2020,$92.99 ,$32.99 
230,8/15/2020,$301.99 ,$36.99 
230,9/15/2020,$301.99 ,$36.99 
230,10/15/2020,$301.99 ,$36.99 
230,11/15/2020,$301.99 ,$36.99 
230,12/15/2020,$301.99 ,$36.99 
231,8/15/2020,$252.99 ,$40.99 
231,9/15/2020,$252.99 ,$40.99 
231,10/15/2020,$252.99 ,$40.99 
231,11/15/2020,$252.99 ,$40.99 
231,12/15/2020,$252.99 ,$40.99 
232,8/15/2020,$432.99 ,$40.99 
232,9/15/2020,$432.99 ,$40.99 
232,10/15/2020,$432.99 ,$40.99 
232,11/15/2020,$432.99 ,$40.99 
232,12/15/2020,$432.99 ,$40.99 
233,8/15/2020,$92.99 ,$32.99 
233,9/15/2020,$92.99 ,$32.99 
233,10/15/2020,$92.99 ,$32.99 
234,8/15/2020,$353.99 ,$48.99 
234,9/15/2020,$353.99 ,$48.99 
234,10/15/2020,$353.99 ,$48.99 
234,11/15/2020,$353.99 ,$48.99 
234,12/15/2020,$353.99 ,$48.99 
235,8/15/2020,$252.99 ,$40.99 
235,9/15/2020,$252.99 ,$40.99 
235,10/15/2020,$252.99 ,$40.99 
235,11/15/2020,$252.99 ,$40.99 
235,12/15/2020,$252.99 ,$40.99 
237,8/15/2020,$313.99 ,$44.99 
237,9/15/2020,$313.99 ,$44.99 
237,10/15/2020,$313.99 ,$44.99 
237,11/15/2020,$313.99 ,$44.99 
237,12/15/2020,$313.99 ,$44.99 
238,8/15/2020,$252.99 ,$40.99 
238,9/15/2020,$252.99 ,$40.99 
238,10/15/2020,$252.99 ,$40.99 
238,11/15/2020,$252.99 ,$40.99 
238,12/15/2020,$252.99 ,$40.99 
239,8/15/2020,$252.99 ,$40.99 
239,9/15/2020,$252.99 ,$40.99 
239,10/15/2020,$252.99 ,$40.99 
239,11/15/2020,$252.99 ,$40.99 
239,12/15/2020,$252.99 ,$40.99 
240,8/15/2020,$252.99 ,$40.99 
240,9/15/2020,$252.99 ,$40.99 
240,10/15/2020,$252.99 ,$40.99 
240,11/15/2020,$252.99 ,$40.99 
240,12/15/2020,$252.99 ,$40.99 
241,8/15/2020,$655.99 ,$48.99 
241,9/15/2020,$655.99 ,$48.99 
241,10/15/2020,$655.99 ,$48.99 
241,11/15/2020,$655.99 ,$48.99 
241,12/15/2020,$655.99 ,$48.99 
242,8/15/2020,$92.99 ,$32.99 
242,9/15/2020,$92.99 ,$32.99 
242,10/15/2020,$92.99 ,$32.99 
242,11/15/2020,$92.99 ,$32.99 
242,12/15/2020,$92.99 ,$32.99 
243,8/15/2020,$432.99 ,$40.99 
243,9/15/2020,$432.99 ,$40.99 
243,10/15/2020,$432.99 ,$40.99 
243,11/15/2020,$432.99 ,$40.99 
243,12/15/2020,$432.99 ,$40.99 
244,8/15/2020,$252.99 ,$40.99 
244,9/15/2020,$252.99 ,$40.99 
244,10/15/2020,$252.99 ,$40.99 
244,11/15/2020,$252.99 ,$40.99 
244,12/15/2020,$252.99 ,$40.99 
245,8/15/2020,$177.99 ,$36.99 
245,9/15/2020,$177.99 ,$36.99 
245,10/15/2020,$177.99 ,$36.99 
245,11/15/2020,$177.99 ,$36.99 
245,12/15/2020,$177.99 ,$36.99 
246,8/15/2020,$537.99 ,$44.99 
246,9/15/2020,$537.99 ,$44.99 
246,10/15/2020,$537.99 ,$44.99 
246,11/15/2020,$537.99 ,$44.99 
246,12/15/2020,$537.99 ,$44.99 
247,8/15/2020,$252.99 ,$40.99 
247,9/15/2020,$252.99 ,$40.99 
247,10/15/2020,$252.99 ,$40.99 
247,11/15/2020,$252.99 ,$40.99 
247,12/15/2020,$252.99 ,$40.99 
248,8/15/2020,$301.99 ,$36.99 
248,9/15/2020,$301.99 ,$36.99 
248,10/15/2020,$301.99 ,$36.99 
248,11/15/2020,$301.99 ,$36.99 
248,12/15/2020,$301.99 ,$36.99 
249,8/15/2020,$172.99 ,$32.99 
249,9/15/2020,$172.99 ,$32.99 
249,10/15/2020,$172.99 ,$32.99 
249,11/15/2020,$172.99 ,$32.99 
249,12/15/2020,$172.99 ,$32.99 
250,8/15/2020,$301.99 ,$36.99 
250,9/15/2020,$301.99 ,$36.99 
250,10/15/2020,$301.99 ,$36.99 
250,11/15/2020,$301.99 ,$36.99 
250,12/15/2020,$301.99 ,$36.99 
251,8/15/2020,$313.99 ,$44.99 
251,9/15/2020,$313.99 ,$44.99 
251,10/15/2020,$313.99 ,$44.99 
251,11/15/2020,$313.99 ,$44.99 
251,12/15/2020,$313.99 ,$44.99 
252,8/15/2020,$432.99 ,$40.99 
252,9/15/2020,$432.99 ,$40.99 
252,10/15/2020,$432.99 ,$40.99 
252,11/15/2020,$432.99 ,$40.99 
252,12/15/2020,$432.99 ,$40.99 
253,8/15/2020,$432.99 ,$40.99 
253,9/15/2020,$432.99 ,$40.99 
253,10/15/2020,$432.99 ,$40.99 
253,11/15/2020,$432.99 ,$40.99 
253,12/15/2020,$432.99 ,$40.99 
254,8/15/2020,$301.99 ,$36.99 
254,9/15/2020,$301.99 ,$36.99 
254,10/15/2020,$301.99 ,$36.99 
254,11/15/2020,$301.99 ,$36.99 
254,12/15/2020,$301.99 ,$36.99 
255,8/15/2020,$252.99 ,$40.99 
255,9/15/2020,$252.99 ,$40.99 
255,10/15/2020,$252.99 ,$40.99 
255,11/15/2020,$252.99 ,$40.99 
255,12/15/2020,$252.99 ,$40.99 
256,8/15/2020,$432.99 ,$40.99 
256,9/15/2020,$432.99 ,$40.99 
256,10/15/2020,$432.99 ,$40.99 
256,11/15/2020,$432.99 ,$40.99 
256,12/15/2020,$432.99 ,$40.99 
257,8/15/2020,$252.99 ,$40.99 
257,9/15/2020,$252.99 ,$40.99 
257,10/15/2020,$252.99 ,$40.99 
257,11/15/2020,$252.99 ,$40.99 
257,12/15/2020,$252.99 ,$40.99 
258,8/15/2020,$172.99 ,$32.99 
258,9/15/2020,$172.99 ,$32.99 
258,10/15/2020,$172.99 ,$32.99 
258,11/15/2020,$172.99 ,$32.99 
258,12/15/2020,$172.99 ,$32.99 
259,8/15/2020,$301.99 ,$36.99 
259,9/15/2020,$301.99 ,$36.99 
259,10/15/2020,$301.99 ,$36.99 
259,11/15/2020,$301.99 ,$36.99 
259,12/15/2020,$301.99 ,$36.99 
260,8/15/2020,$252.99 ,$40.99 
260,9/15/2020,$252.99 ,$40.99 
260,10/15/2020,$252.99 ,$40.99 
260,11/15/2020,$252.99 ,$40.99 
260,12/15/2020,$252.99 ,$40.99 
261,8/15/2020,$301.99 ,$36.99 
261,9/15/2020,$301.99 ,$36.99 
261,10/15/2020,$301.99 ,$36.99 
261,11/15/2020,$301.99 ,$36.99 
261,12/15/2020,$301.99 ,$36.99 
262,9/15/2020,$432.99 ,$40.99 
262,10/15/2020,$432.99 ,$40.99 
262,11/15/2020,$432.99 ,$40.99 
262,12/15/2020,$432.99 ,$40.99 
263,9/15/2020,$252.99 ,$40.99 
263,10/15/2020,$252.99 ,$40.99 
263,11/15/2020,$252.99 ,$40.99 
263,12/15/2020,$252.99 ,$40.99 
264,9/15/2020,$432.99 ,$40.99 
264,10/15/2020,$432.99 ,$40.99 
264,11/15/2020,$432.99 ,$40.99 
264,12/15/2020,$432.99 ,$40.99 
265,9/15/2020,$301.99 ,$36.99 
265,10/15/2020,$301.99 ,$36.99 
265,11/15/2020,$301.99 ,$36.99 
265,12/15/2020,$301.99 ,$36.99 
266,9/15/2020,$172.99 ,$32.99 
266,10/15/2020,$172.99 ,$32.99 
266,11/15/2020,$172.99 ,$32.99 
266,12/15/2020,$172.99 ,$32.99 
267,9/15/2020,$432.99 ,$40.99 
267,10/15/2020,$432.99 ,$40.99 
267,11/15/2020,$432.99 ,$40.99 
267,12/15/2020,$432.99 ,$40.99 
268,9/15/2020,$301.99 ,$36.99 
268,10/15/2020,$301.99 ,$36.99 
268,11/15/2020,$301.99 ,$36.99 
268,12/15/2020,$301.99 ,$36.99 
269,9/15/2020,$92.99 ,$32.99 
269,10/15/2020,$92.99 ,$32.99 
269,11/15/2020,$92.99 ,$32.99 
269,12/15/2020,$92.99 ,$32.99 
270,9/15/2020,$313.99 ,$44.99 
270,10/15/2020,$313.99 ,$44.99 
270,11/15/2020,$313.99 ,$44.99 
270,12/15/2020,$313.99 ,$44.99 
271,9/15/2020,$252.99 ,$40.99 
271,10/15/2020,$252.99 ,$40.99 
271,11/15/2020,$252.99 ,$40.99 
271,12/15/2020,$252.99 ,$40.99 
272,9/15/2020,$537.99 ,$44.99 
272,10/15/2020,$537.99 ,$44.99 
272,11/15/2020,$537.99 ,$44.99 
272,12/15/2020,$537.99 ,$44.99 
273,9/15/2020,$252.99 ,$40.99 
273,10/15/2020,$252.99 ,$40.99 
273,11/15/2020,$252.99 ,$40.99 
273,12/15/2020,$252.99 ,$40.99 
274,9/15/2020,$252.99 ,$40.99 
274,10/15/2020,$252.99 ,$40.99 
274,11/15/2020,$252.99 ,$40.99 
274,12/15/2020,$252.99 ,$40.99 
275,9/15/2020,$252.99 ,$40.99 
275,10/15/2020,$252.99 ,$40.99 
275,11/15/2020,$252.99 ,$40.99 
275,12/15/2020,$252.99 ,$40.99 
276,9/15/2020,$432.99 ,$40.99 
276,10/15/2020,$432.99 ,$40.99 
276,11/15/2020,$432.99 ,$40.99 
276,12/15/2020,$432.99 ,$40.99 
277,9/15/2020,$177.99 ,$36.99 
277,10/15/2020,$177.99 ,$36.99 
277,11/15/2020,$177.99 ,$36.99 
277,12/15/2020,$177.99 ,$36.99 
278,9/15/2020,$353.99 ,$48.99 
278,10/15/2020,$353.99 ,$48.99 
278,11/15/2020,$353.99 ,$48.99 
278,12/15/2020,$353.99 ,$48.99 
279,9/15/2020,$177.99 ,$36.99 
279,10/15/2020,$177.99 ,$36.99 
279,11/15/2020,$177.99 ,$36.99 
279,12/15/2020,$177.99 ,$36.99 
280,9/15/2020,$172.99 ,$32.99 
280,10/15/2020,$172.99 ,$32.99 
280,11/15/2020,$172.99 ,$32.99 
280,12/15/2020,$172.99 ,$32.99 
281,9/15/2020,$252.99 ,$40.99 
281,10/15/2020,$252.99 ,$40.99 
281,11/15/2020,$252.99 ,$40.99 
281,12/15/2020,$252.99 ,$40.99 
282,9/15/2020,$313.99 ,$44.99 
282,10/15/2020,$313.99 ,$44.99 
282,11/15/2020,$313.99 ,$44.99 
282,12/15/2020,$313.99 ,$44.99 
283,9/15/2020,$432.99 ,$40.99 
283,10/15/2020,$432.99 ,$40.99 
283,11/15/2020,$432.99 ,$40.99 
283,12/15/2020,$432.99 ,$40.99 
284,9/15/2020,$172.99 ,$32.99 
284,10/15/2020,$172.99 ,$32.99 
284,11/15/2020,$172.99 ,$32.99 
284,12/15/2020,$172.99 ,$32.99 
285,9/15/2020,$353.99 ,$48.99 
285,10/15/2020,$353.99 ,$48.99 
285,11/15/2020,$353.99 ,$48.99 
285,12/15/2020,$353.99 ,$48.99 
286,9/15/2020,$301.99 ,$36.99 
286,10/15/2020,$301.99 ,$36.99 
286,11/15/2020,$301.99 ,$36.99 
286,12/15/2020,$301.99 ,$36.99 
287,9/15/2020,$177.99 ,$36.99 
287,10/15/2020,$177.99 ,$36.99 
287,11/15/2020,$177.99 ,$36.99 
287,12/15/2020,$177.99 ,$36.99 
288,9/15/2020,$313.99 ,$44.99 
288,10/15/2020,$313.99 ,$44.99 
288,11/15/2020,$313.99 ,$44.99 
288,12/15/2020,$313.99 ,$44.99 
289,9/15/2020,$301.99 ,$36.99 
289,10/15/2020,$301.99 ,$36.99 
289,11/15/2020,$301.99 ,$36.99 
289,12/15/2020,$301.99 ,$36.99 
290,9/15/2020,$313.99 ,$44.99 
290,10/15/2020,$313.99 ,$44.99 
290,11/15/2020,$313.99 ,$44.99 
290,12/15/2020,$313.99 ,$44.99 
291,9/15/2020,$177.99 ,$36.99 
291,10/15/2020,$177.99 ,$36.99 
291,11/15/2020,$177.99 ,$36.99 
291,12/15/2020,$177.99 ,$36.99 
292,9/15/2020,$301.99 ,$36.99 
292,10/15/2020,$301.99 ,$36.99 
292,11/15/2020,$301.99 ,$36.99 
292,12/15/2020,$301.99 ,$36.99 
293,9/15/2020,$301.99 ,$36.99 
293,10/15/2020,$301.99 ,$36.99 
293,11/15/2020,$301.99 ,$36.99 
293,12/15/2020,$301.99 ,$36.99 
294,9/15/2020,$301.99 ,$36.99 
294,10/15/2020,$301.99 ,$36.99 
294,11/15/2020,$301.99 ,$36.99 
294,12/15/2020,$301.99 ,$36.99 
295,9/15/2020,$252.99 ,$40.99 
295,10/15/2020,$252.99 ,$40.99 
295,11/15/2020,$252.99 ,$40.99 
295,12/15/2020,$252.99 ,$40.99 
296,9/15/2020,$313.99 ,$44.99 
296,10/15/2020,$313.99 ,$44.99 
296,11/15/2020,$313.99 ,$44.99 
296,12/15/2020,$313.99 ,$44.99 
297,9/15/2020,$92.99 ,$32.99 
297,10/15/2020,$92.99 ,$32.99 
297,11/15/2020,$92.99 ,$32.99 
297,12/15/2020,$92.99 ,$32.99 
298,9/15/2020,$252.99 ,$40.99 
298,10/15/2020,$252.99 ,$40.99 
298,11/15/2020,$252.99 ,$40.99 
298,12/15/2020,$252.99 ,$40.99 
299,9/15/2020,$252.99 ,$40.99 
299,10/15/2020,$252.99 ,$40.99 
299,11/15/2020,$252.99 ,$40.99 
299,12/15/2020,$252.99 ,$40.99 
300,9/15/2020,$177.99 ,$36.99 
300,10/15/2020,$177.99 ,$36.99 
300,11/15/2020,$177.99 ,$36.99 
300,12/15/2020,$177.99 ,$36.99 
301,9/15/2020,$252.99 ,$40.99 
301,10/15/2020,$252.99 ,$40.99 
301,11/15/2020,$252.99 ,$40.99 
301,12/15/2020,$252.99 ,$40.99 
302,9/15/2020,$177.99 ,$36.99 
303,9/15/2020,$301.99 ,$36.99 
303,10/15/2020,$301.99 ,$36.99 
303,11/15/2020,$301.99 ,$36.99 
303,12/15/2020,$301.99 ,$36.99 
304,9/15/2020,$252.99 ,$40.99 
304,10/15/2020,$252.99 ,$40.99 
304,11/15/2020,$252.99 ,$40.99 
304,12/15/2020,$252.99 ,$40.99 
305,9/15/2020,$172.99 ,$32.99 
305,10/15/2020,$172.99 ,$32.99 
305,11/15/2020,$172.99 ,$32.99 
305,12/15/2020,$172.99 ,$32.99 
306,9/15/2020,$252.99 ,$40.99 
306,10/15/2020,$252.99 ,$40.99 
306,11/15/2020,$252.99 ,$40.99 
306,12/15/2020,$252.99 ,$40.99 
307,9/15/2020,$252.99 ,$40.99 
307,10/15/2020,$252.99 ,$40.99 
307,11/15/2020,$252.99 ,$40.99 
307,12/15/2020,$252.99 ,$40.99 
308,10/15/2020,$301.99 ,$36.99 
308,11/15/2020,$301.99 ,$36.99 
308,12/15/2020,$301.99 ,$36.99 
309,10/15/2020,$432.99 ,$40.99 
309,11/15/2020,$432.99 ,$40.99 
309,12/15/2020,$432.99 ,$40.99 
310,10/15/2020,$172.99 ,$32.99 
310,11/15/2020,$172.99 ,$32.99 
310,12/15/2020,$172.99 ,$32.99 
311,10/15/2020,$252.99 ,$40.99 
311,11/15/2020,$252.99 ,$40.99 
311,12/15/2020,$252.99 ,$40.99 
312,10/15/2020,$177.99 ,$36.99 
312,11/15/2020,$177.99 ,$36.99 
312,12/15/2020,$177.99 ,$36.99 
313,10/15/2020,$177.99 ,$36.99 
313,11/15/2020,$177.99 ,$36.99 
313,12/15/2020,$177.99 ,$36.99 
314,10/15/2020,$432.99 ,$40.99 
314,11/15/2020,$432.99 ,$40.99 
314,12/15/2020,$432.99 ,$40.99 
315,10/15/2020,$301.99 ,$36.99 
315,11/15/2020,$301.99 ,$36.99 
315,12/15/2020,$301.99 ,$36.99 
316,10/15/2020,$252.99 ,$40.99 
316,11/15/2020,$252.99 ,$40.99 
316,12/15/2020,$252.99 ,$40.99 
317,10/15/2020,$301.99 ,$36.99 
317,11/15/2020,$301.99 ,$36.99 
317,12/15/2020,$301.99 ,$36.99 
318,10/15/2020,$353.99 ,$48.99 
318,11/15/2020,$353.99 ,$48.99 
318,12/15/2020,$353.99 ,$48.99 
319,10/15/2020,$313.99 ,$44.99 
319,11/15/2020,$313.99 ,$44.99 
319,12/15/2020,$313.99 ,$44.99 
320,10/15/2020,$313.99 ,$44.99 
320,11/15/2020,$313.99 ,$44.99 
320,12/15/2020,$313.99 ,$44.99 
321,10/15/2020,$432.99 ,$40.99 
321,11/15/2020,$432.99 ,$40.99 
321,12/15/2020,$432.99 ,$40.99 
322,10/15/2020,$432.99 ,$40.99 
322,11/15/2020,$432.99 ,$40.99 
322,12/15/2020,$432.99 ,$40.99 
323,10/15/2020,$537.99 ,$44.99 
323,11/15/2020,$537.99 ,$44.99 
323,12/15/2020,$537.99 ,$44.99 
324,10/15/2020,$252.99 ,$40.99 
324,11/15/2020,$252.99 ,$40.99 
324,12/15/2020,$252.99 ,$40.99 
325,10/15/2020,$432.99 ,$40.99 
325,11/15/2020,$432.99 ,$40.99 
325,12/15/2020,$432.99 ,$40.99 
326,10/15/2020,$172.99 ,$32.99 
326,11/15/2020,$172.99 ,$32.99 
326,12/15/2020,$172.99 ,$32.99 
327,10/15/2020,$252.99 ,$40.99 
327,11/15/2020,$252.99 ,$40.99 
327,12/15/2020,$252.99 ,$40.99 
328,10/15/2020,$301.99 ,$36.99 
328,11/15/2020,$301.99 ,$36.99 
328,12/15/2020,$301.99 ,$36.99 
329,10/15/2020,$301.99 ,$36.99 
329,11/15/2020,$301.99 ,$36.99 
329,12/15/2020,$301.99 ,$36.99 
330,10/15/2020,$172.99 ,$32.99 
330,11/15/2020,$172.99 ,$32.99 
330,12/15/2020,$172.99 ,$32.99 
331,10/15/2020,$537.99 ,$44.99 
331,11/15/2020,$537.99 ,$44.99 
331,12/15/2020,$537.99 ,$44.99 
332,10/15/2020,$177.99 ,$36.99 
332,11/15/2020,$177.99 ,$36.99 
332,12/15/2020,$177.99 ,$36.99 
333,10/15/2020,$177.99 ,$36.99 
333,11/15/2020,$177.99 ,$36.99 
333,12/15/2020,$177.99 ,$36.99 
334,10/15/2020,$353.99 ,$48.99 
334,11/15/2020,$353.99 ,$48.99 
334,12/15/2020,$353.99 ,$48.99 
335,10/15/2020,$301.99 ,$36.99 
335,11/15/2020,$301.99 ,$36.99 
335,12/15/2020,$301.99 ,$36.99 
336,10/15/2020,$252.99 ,$40.99 
336,11/15/2020,$252.99 ,$40.99 
336,12/15/2020,$252.99 ,$40.99 
337,10/15/2020,$353.99 ,$48.99 
337,11/15/2020,$353.99 ,$48.99 
337,12/15/2020,$353.99 ,$48.99 
338,10/15/2020,$252.99 ,$40.99 
338,11/15/2020,$252.99 ,$40.99 
338,12/15/2020,$252.99 ,$40.99 
339,10/15/2020,$177.99 ,$36.99 
339,11/15/2020,$177.99 ,$36.99 
339,12/15/2020,$177.99 ,$36.99 
340,10/15/2020,$172.99 ,$32.99 
340,11/15/2020,$172.99 ,$32.99 
340,12/15/2020,$172.99 ,$32.99 
341,10/15/2020,$301.99 ,$36.99 
341,11/15/2020,$301.99 ,$36.99 
341,12/15/2020,$301.99 ,$36.99 
342,10/15/2020,$432.99 ,$40.99 
342,11/15/2020,$432.99 ,$40.99 
342,12/15/2020,$432.99 ,$40.99 
343,10/15/2020,$252.99 ,$40.99 
343,11/15/2020,$252.99 ,$40.99 
343,12/15/2020,$252.99 ,$40.99 
344,10/15/2020,$432.99 ,$40.99 
344,11/15/2020,$432.99 ,$40.99 
344,12/15/2020,$432.99 ,$40.99 
345,10/15/2020,$252.99 ,$40.99 
345,11/15/2020,$252.99 ,$40.99 
345,12/15/2020,$252.99 ,$40.99 
346,10/15/2020,$301.99 ,$36.99 
346,11/15/2020,$301.99 ,$36.99 
346,12/15/2020,$301.99 ,$36.99 
347,10/15/2020,$432.99 ,$40.99 
347,11/15/2020,$432.99 ,$40.99 
347,12/15/2020,$432.99 ,$40.99 
348,10/15/2020,$177.99 ,$36.99 
348,11/15/2020,$177.99 ,$36.99 
348,12/15/2020,$177.99 ,$36.99 
349,10/15/2020,$313.99 ,$44.99 
349,11/15/2020,$313.99 ,$44.99 
349,12/15/2020,$313.99 ,$44.99 
350,11/15/2020,$172.99 ,$32.99 
350,12/15/2020,$172.99 ,$32.99 
351,11/15/2020,$252.99 ,$40.99 
351,12/15/2020,$252.99 ,$40.99 
352,11/15/2020,$432.99 ,$40.99 
352,12/15/2020,$432.99 ,$40.99 
353,11/15/2020,$177.99 ,$36.99 
353,12/15/2020,$177.99 ,$36.99 
354,11/15/2020,$537.99 ,$44.99 
354,12/15/2020,$537.99 ,$44.99 
355,11/15/2020,$177.99 ,$36.99 
355,12/15/2020,$177.99 ,$36.99 
356,11/15/2020,$301.99 ,$36.99 
356,12/15/2020,$301.99 ,$36.99 
357,11/15/2020,$353.99 ,$48.99 
357,12/15/2020,$353.99 ,$48.99 
358,11/15/2020,$172.99 ,$32.99 
358,12/15/2020,$172.99 ,$32.99 
359,11/15/2020,$177.99 ,$36.99 
359,12/15/2020,$177.99 ,$36.99 
360,11/15/2020,$92.99 ,$32.99 
360,12/15/2020,$92.99 ,$32.99 
361,11/15/2020,$252.99 ,$40.99 
361,12/15/2020,$252.99 ,$40.99 
362,11/15/2020,$92.99 ,$32.99 
362,12/15/2020,$92.99 ,$32.99 
363,11/15/2020,$252.99 ,$40.99 
363,12/15/2020,$252.99 ,$40.99 
364,11/15/2020,$301.99 ,$36.99 
364,12/15/2020,$301.99 ,$36.99 
365,11/15/2020,$353.99 ,$48.99 
365,12/15/2020,$353.99 ,$48.99 
366,11/15/2020,$172.99 ,$32.99 
366,12/15/2020,$172.99 ,$32.99 
367,11/15/2020,$432.99 ,$40.99 
367,12/15/2020,$432.99 ,$40.99 
368,11/15/2020,$313.99 ,$44.99 
368,12/15/2020,$313.99 ,$44.99 
369,11/15/2020,$353.99 ,$48.99 
369,12/15/2020,$353.99 ,$48.99 
370,11/15/2020,$92.99 ,$32.99 
370,12/15/2020,$92.99 ,$32.99 
371,11/15/2020,$301.99 ,$36.99 
371,12/15/2020,$301.99 ,$36.99 
372,11/15/2020,$537.99 ,$44.99 
372,12/15/2020,$537.99 ,$44.99 
373,11/15/2020,$92.99 ,$32.99 
373,12/15/2020,$92.99 ,$32.99 
374,11/15/2020,$177.99 ,$36.99 
374,12/15/2020,$177.99 ,$36.99 
375,11/15/2020,$252.99 ,$40.99 
375,12/15/2020,$252.99 ,$40.99 
376,11/15/2020,$432.99 ,$40.99 
376,12/15/2020,$432.99 ,$40.99 
377,11/15/2020,$177.99 ,$36.99 
377,12/15/2020,$177.99 ,$36.99 
378,11/15/2020,$432.99 ,$40.99 
378,12/15/2020,$432.99 ,$40.99 
379,11/15/2020,$432.99 ,$40.99 
379,12/15/2020,$432.99 ,$40.99 
380,11/15/2020,$172.99 ,$32.99 
380,12/15/2020,$172.99 ,$32.99 
381,11/15/2020,$537.99 ,$44.99 
381,12/15/2020,$537.99 ,$44.99 
382,11/15/2020,$252.99 ,$40.99 
382,12/15/2020,$252.99 ,$40.99 
383,11/15/2020,$252.99 ,$40.99 
383,12/15/2020,$252.99 ,$40.99 
384,11/15/2020,$172.99 ,$32.99 
384,12/15/2020,$172.99 ,$32.99 
385,11/15/2020,$252.99 ,$40.99 
385,12/15/2020,$252.99 ,$40.99 
386,11/15/2020,$313.99 ,$44.99 
386,12/15/2020,$313.99 ,$44.99 
387,11/15/2020,$252.99 ,$40.99 
388,11/15/2020,$432.99 ,$40.99 
388,12/15/2020,$432.99 ,$40.99 
389,11/15/2020,$301.99 ,$36.99 
389,12/15/2020,$301.99 ,$36.99 
390,11/15/2020,$252.99 ,$40.99 
390,12/15/2020,$252.99 ,$40.99 
391,11/15/2020,$172.99 ,$32.99 
391,12/15/2020,$172.99 ,$32.99 
392,11/15/2020,$432.99 ,$40.99 
392,12/15/2020,$432.99 ,$40.99 
393,11/15/2020,$172.99 ,$32.99 
393,12/15/2020,$172.99 ,$32.99 
394,11/15/2020,$172.99 ,$32.99 
394,12/15/2020,$172.99 ,$32.99 
395,11/15/2020,$301.99 ,$36.99 
395,12/15/2020,$301.99 ,$36.99 
396,11/15/2020,$177.99 ,$36.99 
396,12/15/2020,$177.99 ,$36.99 
397,11/15/2020,$432.99 ,$40.99 
397,12/15/2020,$432.99 ,$40.99 
398,11/15/2020,$172.99 ,$32.99 
399,11/15/2020,$92.99 ,$32.99 
399,12/15/2020,$92.99 ,$32.99 
400,11/15/2020,$301.99 ,$36.99 
400,12/15/2020,$301.99 ,$36.99 
401,12/15/2020,$301.99 ,$36.99 
402,12/15/2020,$252.99 ,$40.99 
403,12/15/2020,$252.99 ,$40.99 
404,12/15/2020,$301.99 ,$36.99 
405,12/15/2020,$252.99 ,$40.99 
406,12/15/2020,$177.99 ,$36.99 
407,12/15/2020,$353.99 ,$48.99 
408,12/15/2020,$353.99 ,$48.99 
409,12/15/2020,$172.99 ,$32.99 
410,12/15/2020,$537.99 ,$44.99 
411,12/15/2020,$177.99 ,$36.99 
412,12/15/2020,$655.99 ,$48.99 
413,12/15/2020,$301.99 ,$36.99 
414,12/15/2020,$252.99 ,$40.99 
415,12/15/2020,$313.99 ,$44.99 
416,12/15/2020,$252.99 ,$40.99 
417,12/15/2020,$432.99 ,$40.99 
418,12/15/2020,$537.99 ,$44.99 
419,12/15/2020,$92.99 ,$32.99 
420,12/15/2020,$301.99 ,$36.99 
421,12/15/2020,$177.99 ,$36.99 
422,12/15/2020,$252.99 ,$40.99 
423,12/15/2020,$252.99 ,$40.99 
424,12/15/2020,$252.99 ,$40.99 
425,12/15/2020,$252.99 ,$40.99 
426,12/15/2020,$92.99 ,$32.99 
427,12/15/2020,$537.99 ,$44.99 
428,12/15/2020,$301.99 ,$36.99 
429,12/15/2020,$177.99 ,$36.99 
430,12/15/2020,$432.99 ,$40.99 
431,12/15/2020,$353.99 ,$48.99 
432,12/15/2020,$432.99 ,$40.99 
433,12/15/2020,$172.99 ,$32.99 
434,12/15/2020,$172.99 ,$32.99 
435,12/15/2020,$252.99 ,$40.99 
436,12/15/2020,$432.99 ,$40.99 
437,12/15/2020,$301.99 ,$36.99 
438,12/15/2020,$177.99 ,$36.99 
439,12/15/2020,$301.99 ,$36.99 
440,12/15/2020,$92.99 ,$32.99 
441,12/15/2020,$353.99 ,$48.99 
442,12/15/2020,$313.99 ,$44.99 
443,12/15/2020,$252.99 ,$40.99 
444,12/15/2020,$252.99 ,$40.99 
445,12/15/2020,$301.99 ,$36.99 
